Location,Name,Frequency,Duplex,Offset,Tone,rToneFreq,cToneFreq,DtcsCode,DtcsPolarity,RxDtcsCode,CrossMode,Mode,TStep,Skip,Power,Comment,URCALL,RPT1CALL,RPT2CALL,DVCODE
0,SR9FMJ,438.400000,-,7.600000,Tone,67.0,67.0,023,NN,023,Tone->Tone,DV,5.00,,50W,Jaworzyna krynicka,,,,
1,SR2PP,145.700000,-,0.600000,Tone,74.4,74.4,023,NN,023,Tone->Tone,FM,5.00,,50W,PIECHCIN,,,,
2,SR2GG-E,439.562500,-,7.600000,,88.5,88.5,023,NN,023,Tone->Tone,DV,5.00,,50W,,,,,
3,SR2GG-D,439.900000,-,9.400000,,88.5,88.5,023,NN,023,Tone->Tone,DV,5.00,,50W,,,,,
4,SR2GG-C,439.337500,-,7.600000,Tone,74.4,74.4,023,NN,023,Tone->Tone,FM,5.00,,50W,SZUBIN,,,,
5,SR2GG-B,439.137500,-,7.600000,Tone,74.4,74.4,023,NN,023,Tone->Tone,FM,5.00,,50W,SZUBIN,,,,
6,SR2GG,145.750000,-,0.600000,Tone,74.4,74.4,023,NN,023,Tone->Tone,FM,5.00,,50W,SZUBIN,,,,
7,SR6PCB,145.575000,+,4.400000,,88.5,103.5,023,NN,023,Tone->Tone,FM,5.00,,50W,Brzeg,,,,
8,SR9PSD,439.312500,-,7.600000,,88.5,88.5,023,NN,023,Tone->Tone,DV,5.00,,50W,Pszow,,,,
9,SR5UZQ,438.862500,-,7.636000,,88.5,88.5,023,NN,023,Tone->Tone,DV,5.00,,50W,Krze Duze,,,,
10,SR2I,438.662500,-,7.600000,Tone,67.0,67.0,023,NN,023,Tone->Tone,FM,5.00,,50W,Inowroclaw,,,,
11,SR7WU,439.550000,-,7.600000,Tone,123.0,123.0,023,NN,023,Tone->Tone,FM,5.00,,50W,Wieruszow,,,,
12,SR7LK,1270.700000,+,28.000000,,88.5,88.5,023,NN,023,Tone->Tone,FM,5.00,,50W,GORA KAMIENSK,,,,
13,SR6LWB,1298.600000,-,28.000000,,88.5,88.5,023,NN,023,Tone->Tone,FM,5.00,,50W,Walbrzych,,,,
14,SR1P,145.725000,-,0.600000,,88.5,88.5,023,NN,023,Tone->Tone,FM,5.00,,50W,Kopnica,,,,
15,SR3SR,439.100000,-,8.000000,Tone,110.9,110.9,023,NN,023,Tone->Tone,FM,5.00,,50W,Sulecinek,,,,
16,SR4BF,438.800000,-,7.600000,,88.5,88.5,023,NN,023,Tone->Tone,DV,5.00,,50W,,,,,
17,SR1GL,145.280000,,0.000000,Tone,82.5,82.5,023,NN,023,Tone->Tone,FM,5.00,,50W,Goleniow,,,,
18,SR5WRX,1287.575000,-,17.000000,Tone,127.3,88.5,023,NN,023,Tone->Tone,FM,5.00,,50W,Warszawa,,,,
19,SR6F,145.750000,-,0.600000,Tone,94.8,94.8,023,NN,023,Tone->Tone,FM,5.00,,50W,Biskupia Kopa,,,,
20,SR8GDM,439.375000,-,7.600000,Tone,77.0,77.0,023,NN,023,Tone->Tone,FM,5.00,,50W,Garbow,,,,
21,SR6DKL,431.875000,+,7.600000,Tone,94.8,94.8,023,NN,023,Tone->Tone,FM,5.00,,50W,Klodzko,,,,
22,SR8RW,433.537500,,0.000000,,88.5,77.0,023,NN,023,Tone->Tone,FM,5.00,,50W,Radomysl Wielki,,,,
23,SR8NA,438.825000,-,7.600000,Tone,71.9,71.9,023,NN,023,Tone->Tone,FM,5.00,,50W,Dubiecko,,,,
24,SR1TSZ,430.075000,,0.000000,,88.5,88.5,023,NN,023,Tone->Tone,DV,5.00,,50W,Szczecin,,,,
25,SR2CDE,439.187500,-,7.600000,,88.5,88.5,023,NN,023,Tone->Tone,DV,5.00,,50W,Gdansk,,,,
26,SR1ZS,439.000000,-,7.600000,Tone,82.5,82.5,023,NN,023,Tone->Tone,FM,5.00,,50W,Szczecin,,,,
27,SR9RU,439.350000,-,7.600000,Tone,107.2,107.2,023,NN,023,Tone->Tone,FM,5.00,,50W,,,,,
28,SR9RS,439.325000,-,7.600000,Tone,107.2,107.2,023,NN,023,Tone->Tone,FM,5.00,,50W,,,,,
29,SR9RP,439.250000,-,7.600000,Tone,107.2,107.2,023,NN,023,Tone->Tone,FM,5.00,,50W,Wysokie,,,,
30,SR2DV,439.187500,-,7.600000,,88.5,88.5,023,NN,023,Tone->Tone,DV,5.00,,50W,GDANSK,,,,
31,SR0GOL,439.137500,-,7.600000,,88.5,88.5,023,NN,023,Tone->Tone,FM,5.00,,50W,,,,,
32,SR1BAR,439.550000,-,7.600000,,88.5,82.5,023,NN,023,Tone->Tone,FM,5.00,,50W,Barlinek,,,,
33,SR2KW,145.337500,+,285.687500,Tone,100.0,100.0,023,NN,023,Tone->Tone,FM,5.00,,50W,Wloclawek,,,,
34,SR9GOL,145.650000,+,289.100000,Tone,114.8,114.8,023,NN,023,Tone->Tone,FM,5.00,,50W,,,,,
35,SR6T,438.550000,-,7.600000,,88.5,88.5,023,NN,023,Tone->Tone,DV,5.00,,50W,Bolkow,,,,
36,SR6SO,439.412500,-,7.600000,,88.5,88.5,023,NN,023,Tone->Tone,DV,5.00,,50W,Strzelce Opolskie,,,,
37,SR8ALA,439.475000,-,7.600000,,88.5,88.5,023,NN,023,Tone->Tone,DV,5.00,,50W,Domaradz,,,,
38,SR9BB,438.537500,-,7.600000,Tone,67.0,67.0,023,NN,023,Tone->Tone,FM,5.00,,50W,Platforma widokowa na Skrzycznem,,,,
39,SR8GA,145.725000,-,0.600000,Tone,77.0,77.0,023,NN,023,Tone->Tone,FM,5.00,,50W,Garbow,,,,
40,SR9NKU,438.362500,-,7.600000,Tone,71.9,71.9,023,NN,023,Tone->Tone,FM,5.00,,50W,Dabrowa Gornicza,,,,
41,SR8RZE,439.287500,-,7.600000,Tone,71.9,71.9,023,NN,023,Tone->Tone,FM,5.00,,50W,Rzeszow,,,,
42,SR2GRU,145.687500,-,0.600000,,88.5,94.8,023,NN,023,Tone->Tone,FM,5.00,,50W,Grudziadz,,,,
43,SR9OKO,438.800000,-,7.600000,,88.5,88.5,023,NN,023,Tone->Tone,DV,5.00,,50W,Strzybnik,,,,
44,SR9SR,438.487500,-,7.600000,,88.5,88.5,023,NN,023,Tone->Tone,DV,5.00,,50W,Rybnik,,,,
45,SR9BB,438.537500,-,7.600000,Tone,67.0,67.0,023,NN,023,Tone->Tone,FM,5.00,,50W,Schroniska PTTK Szyndzielnia,,,,
46,SR4T,145.762500,-,0.600000,Tone,94.8,94.8,023,NN,023,Tone->Tone,FM,5.00,,50W,Turcz,,,,
47,SR3DKA,438.400000,-,7.600000,,88.5,88.5,023,NN,023,Tone->Tone,DV,5.00,,50W,Kalisz,,,,
48,SR8L6M,51.810000,-,0.600000,Tone,67.0,67.0,023,NN,023,Tone->Tone,FM,5.00,,50W,Lublin,,,,
49,SR8FM,434.400000,,0.000000,,88.5,77.0,023,NN,023,Tone->Tone,FM,5.00,,50W,Zawierzbie,,,,
50,SR1WR,439.050000,-,7.600000,,88.5,88.5,023,NN,023,Tone->Tone,DV,5.00,,50W,Ryman,,,,
51,SR3A,145.662500,-,0.600000,Tone,79.7,79.7,023,NN,023,Tone->Tone,FM,5.00,,50W,RTCN Jemiolow/Lagow maszt EmiTel,,,,
52,SR3JX,439.250000,-,7.600000,,88.5,88.5,023,NN,023,Tone->Tone,DV,5.00,,50W,RTCN Jemiolow/Lagow maszt EmiTel,,,,
53,SR5ZOC,145.587000,,0.000000,Tone,127.3,127.3,023,NN,023,Tone->Tone,FM,5.00,,50W,Nowosielce,,,,
54,SR9OMP,431.337500,+,7.600000,Tone,77.0,77.0,023,NN,023,Tone->Tone,FM,5.00,,50W,Cieszyn,,,,
55,SR1TET,431.625000,-,1.600000,,88.5,88.5,023,NN,023,Tone->Tone,DV,5.00,,50W,Stargard,,,,
56,SR9W,145.600000,-,0.600000,Tone,103.5,103.5,023,NN,023,Tone->Tone,FM,5.00,,50W,Makowica - Kamionna,,,,
57,SR9RT,29.660000,-,0.100000,Tone,103.5,103.5,023,NN,023,Tone->Tone,FM,5.00,,50W,Mordarka - Lysa Gora 781 m n.p.m. k. Limanowej,,,,
58,SR9RT,51.990000,-,0.600000,Tone,103.5,103.5,023,NN,023,Tone->Tone,FM,5.00,,50W,Mordarka - Lysa Gora 781 m n.p.m. k. Limanowej,,,,
59,SR9RT,438.637500,-,7.600000,Tone,103.5,103.5,023,NN,023,Tone->Tone,FM,5.00,,50W,Mordarka - Lysa Gora 781 m n.p.m. k. Limanowej,,,,
60,SR7KFX,438.262500,-,7.600000,Tone,88.5,88.5,023,NN,023,Tone->Tone,FM,5.00,,50W,Wielenin,,,,
61,SR3DAB,439.050000,-,7.600000,,88.5,88.5,023,NN,023,Tone->Tone,DV,5.00,,50W,Zalesie,,,,
62,SR4LIN,438.650000,-,7.600000,,88.5,88.5,023,NN,023,Tone->Tone,DV,5.00,,50W,Jerzwald,,,,
63,SR6LDV,438.250000,-,7.600000,,88.5,88.5,023,NN,023,Tone->Tone,DV,5.00,,50W,Legnica,,,,
64,SR7SZ,439.187500,-,7.600000,Tone,110.9,110.9,023,NN,023,Tone->Tone,FM,5.00,,50W,Staszow - wieza Polkomtel Sp. z o.o.,,,,
65,SR5ECHO,145.700000,,0.000000,,88.5,88.5,023,NN,023,Tone->Tone,FM,5.00,,50W,WARSZAWA,,,,
66,SR1WR,438.687500,-,7.600000,,88.5,88.5,023,NN,023,Tone->Tone,DV,5.00,,50W,Ryman,,,,
67,SR8Y,145.650000,-,0.600000,Tone,123.0,123.0,023,NN,023,Tone->Tone,FM,5.00,,50W,Rzeszow,,,,
68,SR5ECHO,439.150000,,0.000000,,88.5,88.5,023,NN,023,Tone->Tone,FM,5.00,,50W,Warszawa,,,,
69,SR8LN,438.675000,-,7.600000,Tone,67.0,67.0,023,NN,023,Tone->Tone,FM,5.00,,50W,Lublin,,,,
70,SR8LUB,439.400000,-,7.600000,Tone,77.0,77.0,023,NN,023,Tone->Tone,FM,5.00,,50W,Lublin,,,,
71,SR3DAB,438.575000,-,7.600000,,88.5,88.5,023,NN,023,Tone->Tone,DV,5.00,,50W,Zalesie,,,,
72,SR3DAB,439.575000,-,7.600000,,88.5,88.5,023,NN,023,Tone->Tone,DV,5.00,,50W,Zalesie,,,,
73,SR6DJG,439.162500,-,7.600000,,88.5,88.5,023,NN,023,Tone->Tone,DV,5.00,,50W,Jezow Sudecki,,,,
74,SR4PL,439.575000,-,9.400000,Tone,67.0,67.0,023,NN,023,Tone->Tone,FM,5.00,,50W,Podlesna 66,,,,
75,SR7USI,439.525000,-,7.600000,,88.5,88.5,023,NN,023,Tone->Tone,DV,5.00,,50W,Sieradz,,,,
76,SR4SUW,434.700000,,0.000000,,88.5,67.0,023,NN,023,Tone->Tone,FM,5.00,,50W,Suwalki,,,,
77,SR4WA,438.125000,-,7.600000,Tone,67.0,67.0,023,NN,023,Tone->Tone,FM,5.00,,50W,Wawrowice,,,,
78,SR4ST,439.200000,-,7.600000,Tone,67.0,67.0,023,NN,023,Tone->Tone,FM,5.00,,50W,Skitlawki,,,,
79,SR9LC,145.000000,,0.000000,Tone,71.9,71.9,023,NN,023,Tone->Tone,FM,5.00,,50W,Lubecko,,,,
80,SR6RC,438.100000,-,7.600000,,88.5,103.5,023,NN,023,Tone->Tone,FM,5.00,,50W,Wroclaw,,,,
81,SR6L,439.125000,-,7.600000,Tone,67.0,67.0,023,NN,023,Tone->Tone,FM,5.00,,50W,Legnica,,,,
82,SR8LBT,430.100000,+,1.600000,,88.5,88.5,023,NN,023,Tone->Tone,DV,5.00,,50W,Lublin,,,,
83,SR9ZAR,439.537500,-,7.600000,Tone,67.0,67.0,023,NN,023,Tone->Tone,FM,5.00,,50W,Gora Zar,,,,
84,SR9ZAC,145.287500,,0.000000,Tone,107.2,88.5,023,NN,023,Tone->Tone,DV,5.00,,50W,Koscielisko (Podhale),,,,
85,SR9Z,145.737500,-,0.600000,Tone,107.2,107.2,023,NN,023,Tone->Tone,FM,5.00,,50W,Przehyba EMITEL,,,,
86,SR9X,145.700000,-,0.600000,Tone,94.8,94.8,023,NN,023,Tone->Tone,FM,5.00,,50W,Obiekt Emitel RTON Gubalowka,,,,
87,SR9VVO,439.437500,-,7.600000,,88.5,88.5,023,NN,023,Tone->Tone,DV,5.00,,50W,Lichwin,,,,
88,SR9VRJ,438.712500,-,7.600000,,88.5,88.5,023,NN,023,Tone->Tone,DV,5.00,,50W,Obiekt Emitel RTON Gubalowka,,,,
89,SR9VO,439.075000,-,7.600000,Tone,103.5,103.5,023,NN,023,Tone->Tone,FM,5.00,,50W,Tarnow,,,,
90,SR9VJK,438.312500,-,7.600000,,88.5,88.5,023,NN,023,Tone->Tone,DV,5.00,,50W,Jaworzyna Krynicka,,,,
91,SR9VDM,438.200000,-,7.600000,,88.5,88.5,023,NN,023,Tone->Tone,DV,5.00,,50W,Lichwin,,,,
92,SR9UVZ,439.200000,-,7.600000,,88.5,88.5,023,NN,023,Tone->Tone,DV,5.00,,50W,Gliczarow Gorny Maszt OSP,,,,
93,SR9UVU,439.162500,-,7.600000,,88.5,88.5,023,NN,023,Tone->Tone,DV,5.00,,50W,Skrzyczne,,,,
94,SR9UVT,439.237500,-,7.600000,,88.5,88.5,023,NN,023,Tone->Tone,DV,5.00,,50W,Gora Koskowa POLKOMTEL,,,,
95,SR9UVR,439.300000,-,7.600000,,88.5,94.8,023,NN,023,Tone->Tone,FM,5.00,,50W,Gliczarow Gorny Maszt OSP,,,,
96,SR9UVP,439.362500,-,7.600000,,88.5,88.5,023,NN,023,Tone->Tone,DV,5.00,,50W,Gora Koskowa POLKOMTEL,,,,
97,SR9UVO,439.325000,-,7.600000,,88.5,88.5,023,NN,023,Tone->Tone,DV,5.00,,50W,Kochanow,,,,
98,SR9UVM,439.400000,-,7.600000,,88.5,88.5,023,NN,023,Tone->Tone,DV,5.00,,50W,Krakow - RTCN Choragwica EMITEL,,,,
99,SR9UVL,438.362500,-,7.600000,,88.5,88.5,023,NN,023,Tone->Tone,DV,5.00,,50W,Lubon Wlk.,,,,
100,SR9DJC,145.787500,-,0.600000,,88.5,88.5,023,NN,023,Tone->Tone,DV,5.00,,50W,Jaworzyna Krynicka,,,,
101,SR9UVJ-B,439.500000,-,7.600000,,88.5,88.5,023,NN,023,Tone->Tone,DV,5.00,,50W,Krynica Zdroj - Jaworzyna TSR EMITEL,,,,
102,SR9UVC,438.625000,-,7.600000,,88.5,88.5,023,NN,023,Tone->Tone,DV,5.00,,50W,Krakow,,,,
103,SR9UV,439.337500,-,7.600000,,88.5,88.5,023,NN,023,Tone->Tone,DV,5.00,,50W,Wlodowice,,,,
104,SR9US,438.125000,-,7.600000,,88.5,88.5,023,NN,023,Tone->Tone,DV,5.00,,50W,Ustron Gora Czantoria,,,,
105,SR9UPZ,438.587500,-,7.600000,,88.5,88.5,023,NN,023,Tone->Tone,DV,5.00,,50W,Kleczany,,,,
106,SR9UCZ,439.087500,-,7.600000,,88.5,88.5,023,NN,023,Tone->Tone,DV,5.00,,50W,Czestochowa,,,,
107,SR9TRZ,438.575000,-,7.600000,,88.5,88.5,023,NN,023,Tone->Tone,DV,5.00,,50W,Trzebinia,,,,
108,SR9TR,439.175000,-,7.600000,,88.5,88.5,023,NN,023,Tone->Tone,DV,5.00,,50W,Tarnow,,,,
109,SR9TM,438.512500,-,7.600000,Tone,103.5,103.5,023,NN,023,Tone->Tone,FM,5.00,,50W,Pcim - Kudlacze,,,,
110,SR9TB,438.775000,-,7.600000,Tone,103.5,103.5,023,NN,023,Tone->Tone,FM,5.00,,50W,Gora Wal - Tarnow,,,,
111,SR9SZ,439.150000,-,7.600000,,88.5,88.5,023,NN,023,Tone->Tone,DV,5.00,,50W,Siemianowice Slaskie,,,,
112,SR9SS,439.100000,-,7.600000,Tone,71.9,71.9,023,NN,023,Tone->Tone,FM,5.00,,50W,Siemianowice Slaskie,,,,
113,SR9SK,439.375000,-,7.600000,Tone,67.0,67.0,023,NN,023,Tone->Tone,FM,5.00,,50W,Skrzyczne,,,,
114,SR9SIM,145.337500,,0.000000,Tone,79.7,79.7,023,NN,023,Tone->Tone,DV,5.00,,50W,Sosnowiec,,,,
115,SR9SE,439.200000,-,7.600000,Tone,71.9,71.9,023,NN,023,Tone->Tone,FM,5.00,,50W,Bedzin,,,,
116,SR9SC,438.962500,-,7.600000,,88.5,67.0,023,NN,023,Tone->Tone,FM,5.00,,50W,Cieszyn,,,,
117,SR9SA,439.450000,-,7.600000,Tone,67.0,67.0,023,NN,023,Tone->Tone,FM,5.00,,50W,Gora Szyndzielnia Bielsko-Biala,,,,
118,SR9S,439.412500,-,7.600000,Tone,67.0,67.0,023,NN,023,Tone->Tone,FM,5.00,,50W,Wola,,,,
119,SR9S,145.775000,-,0.600000,Tone,67.0,67.0,023,NN,023,Tone->Tone,FM,5.00,,50W,Wola,,,,
120,SR9RT,145.637500,-,0.600000,Tone,103.5,103.5,023,NN,023,Tone->Tone,FM,5.00,,50W,Mordarka - Lysa Gora 781 m n.p.m. (k. Limanowej),,,,
121,SR9RSR,438.337500,-,7.600000,,88.5,88.5,023,NN,023,Tone->Tone,DV,5.00,,50W,Rybnik,,,,
122,SR9RAC,439.575000,-,7.600000,Tone,67.0,67.0,023,NN,023,Tone->Tone,FM,5.00,,50W,Strzybniczek,,,,
123,SR9PS,439.250000,-,7.600000,Tone,67.0,67.0,023,NN,023,Tone->Tone,FM,5.00,,50W,Pszow,,,,
124,SR9POL,50.530000,,0.000000,,88.5,88.5,023,NN,023,Tone->Tone,DV,5.00,,50W,Mordarka - Lysa Gora (k. Limanowej),,,,
125,SR9PC,438.850000,-,7.600000,,88.5,103.5,023,NN,023,Tone->Tone,FM,5.00,,50W,Gora Koskowa POLKOMTEL,,,,
126,SR9P,145.662500,-,0.600000,,88.5,103.5,023,NN,023,Tone->Tone,FM,5.00,,50W,Gora Koskowa POLKOMTEL,,,,
127,SR9OA,438.750000,-,7.600000,,88.5,107.2,023,NN,023,Tone->Tone,FM,5.00,,50W,Wieza widokowa Dabrowa,,,,
128,SR9NSK,434.675000,,0.000000,,88.5,88.5,023,NN,023,Tone->Tone,FM,5.00,,50W,Skrzyczne,,,,
129,SR9NSC,145.337500,,0.000000,Tone,103.5,88.5,023,NN,023,Tone->Tone,DV,5.00,,50W,Nowy Sacz,,,,
130,SR9NS,439.225000,-,7.600000,Tone,107.2,107.2,023,NN,023,Tone->Tone,FM,5.00,,50W,Nowy Sacz,,,,
131,SR9NP,438.937500,-,7.600000,Tone,107.2,107.2,023,NN,023,Tone->Tone,FM,5.00,,50W,Prehyba,,,,
132,SR9NJ,438.700000,-,7.600000,Tone,103.5,103.5,023,NN,023,Tone->Tone,FM,5.00,,50W,Krynica Zdroj Jaworzyna (gorna stacja kolejki gondolowej,,,,
133,SR9NJ,1298.150000,-,28.000000,,88.5,88.5,023,NN,023,Tone->Tone,FM,5.00,,50W,Krynica Zdroj Jaworzyna (gorna stacja kolejki gondolowej,,,,
134,SR9LK,1298.500000,-,28.000000,,88.5,88.5,023,NN,023,Tone->Tone,FM,5.00,,50W,Siercza k/Wieliczki,,,,
135,SR9LI,438.675000,-,7.600000,,88.5,88.5,023,NN,023,Tone->Tone,FM,5.00,,50W,Pasierbiec,,,,
136,SR9LC,438.700000,-,7.600000,Tone,71.9,71.9,023,NN,023,Tone->Tone,FM,5.00,,50W,LUBECKO,,,,
137,SR9L,145.687500,-,0.600000,Tone,107.2,107.2,023,NN,023,Tone->Tone,FM,5.00,,50W,Limanowa Lipowe,,,,
138,SR9KS,438.900000,-,7.600000,Tone,103.5,103.5,023,NN,023,Tone->Tone,FM,5.00,,50W,Siercza k/Wieliczki,,,,
139,SR9KR,439.275000,-,7.600000,,88.5,88.5,023,NN,023,Tone->Tone,DV,5.00,,50W,Choragwica k/Krakowa,,,,
140,SR9KM,438.975000,-,7.600000,,88.5,71.9,023,NN,023,Tone->Tone,FM,5.00,,50W,Krupski Mlyn,,,,
141,SR9KD,438.950000,-,7.600000,,88.5,71.9,023,NN,023,Tone->Tone,FM,5.00,,50W,Sosnowiec,,,,
142,SR9KAO,439.212500,-,7.600000,,88.5,88.5,023,NN,023,Tone->Tone,FM,5.00,,50W,Tarnow,,,,
143,SR9K,145.750000,-,0.600000,,88.5,103.5,023,NN,023,Tone->Tone,FM,5.00,,50W,Siercza k/Wieliczki,,,,
144,SR9JK,438.800000,-,7.600000,,88.5,94.8,023,NN,023,Tone->Tone,FM,5.00,,50W,Wlodowice,,,,
145,SR9JG,439.462500,-,7.600000,Tone,71.9,71.9,023,NN,023,Tone->Tone,FM,5.00,,50W,Biskupice,,,,
146,SR9J,145.787500,-,0.600000,Tone,123.0,123.0,023,NN,023,Tone->Tone,FM,5.00,,50W,Czestochowa,,,,
147,SR9IVG,70.260000,,0.000000,Tone,107.2,88.5,023,NN,023,Tone->Tone,FM,5.00,,50W,Mordarka - Lysa Gora (k. Limanowej),,,,
148,SR9GR,438.537500,-,7.600000,Tone,162.2,162.2,023,NN,023,Tone->Tone,FM,5.00,,50W,Gorlice maszt Emitel na Gorze Cmentarnej,,,,
149,SR9GP,438.650000,-,7.600000,Tone,107.2,107.2,023,NN,023,Tone->Tone,FM,5.00,,50W,Mordarka - Lysa gora,,,,
150,SR9FUN,29.660000,-,0.100000,Tone,107.2,107.2,023,NN,023,Tone->Tone,FM,5.00,,50W,Szczawnica - Gora Przehyba (Teren schroniska),,,,
151,SR9EHO,29.610000,,0.000000,Tone,107.2,107.2,023,NN,023,Tone->Tone,FM,5.00,,50W,Mordarka - Lysa Gora (k. Limanowej),,,,
152,SR9EE,438.875000,-,7.600000,,88.5,67.0,023,NN,023,Tone->Tone,FM,5.00,,50W,Skrzyczne EMITEL,,,,
153,SR9E,145.725000,-,0.600000,Tone,71.9,71.9,023,NN,023,Tone->Tone,FM,5.00,,50W,Siemianowice Slaskie,,,,
154,SR9DV,438.325000,-,7.600000,,88.5,67.0,023,NN,023,Tone->Tone,FM,5.00,,50W,Wegrzce,,,,
155,SR9DSR,145.587500,-,0.600000,,88.5,88.5,023,NN,023,Tone->Tone,DV,5.00,,50W,Klimczok,,,,
156,SR9DSK,438.525000,-,7.600000,,88.5,88.5,023,NN,023,Tone->Tone,DV,5.00,,50W,SZCZAWNICA,,,,
157,SR9DMR,438.450000,-,7.600000,,88.5,88.5,023,NN,023,Tone->Tone,DV,5.00,,50W,Katowice,,,,
158,SR9DLI,438.975000,-,7.600000,,88.5,88.5,023,NN,023,Tone->Tone,DV,5.00,,50W,Limanowa Lipowe,,,,
159,SR9DKA,438.500000,-,7.600000,,88.5,88.5,023,NN,023,Tone->Tone,DV,5.00,,50W,Siemianowice Slaskie,,,,
160,SR9DJK,438.375000,-,7.600000,,88.5,88.5,023,NN,023,Tone->Tone,DV,5.00,,50W,Wlodowice - Jura,,,,
161,SR9DDP,438.550000,-,7.600000,,88.5,88.5,023,NN,023,Tone->Tone,DV,5.00,,50W,Gora Kicarz,,,,
162,SR9DBN,438.475000,-,7.600000,,88.5,88.5,023,NN,023,Tone->Tone,DV,5.00,,50W,Myslowice,,,,
163,SR9D,145.675000,-,0.600000,,88.5,71.9,023,NN,023,Tone->Tone,FM,5.00,,50W,Bedzin,,,,
164,SR9CZE,439.562500,-,7.600000,,88.5,67.0,023,NN,023,Tone->Tone,FM,5.00,,50W,Czestochowa,,,,
165,SR9CZC,145.337500,,0.000000,Tone,107.2,88.5,023,NN,023,Tone->Tone,DV,5.00,,50W,Czestochowa,,,,
166,SR9CZ,439.175000,-,7.600000,,88.5,88.5,023,NN,023,Tone->Tone,DV,5.00,,50W,Czestochowa,,,,
167,SR9CSR,439.512500,-,7.600000,,88.5,88.5,023,NN,023,Tone->Tone,DV,5.00,,50W,Osiek,,,,
168,SR9C,145.600000,-,0.600000,Tone,103.5,103.5,023,NN,023,Tone->Tone,FM,5.00,,50W,Niepolomice,,,,
169,SR9BSR,438.250000,-,7.600000,,88.5,74.4,023,NN,023,Tone->Tone,FM,5.00,,50W,Gora Szyndzielnia,,,,
170,SR9BN,439.225000,-,7.600000,,88.5,88.5,023,NN,023,Tone->Tone,DV,5.00,,50W,Bedzin,,,,
171,SR9B,145.712500,-,0.600000,,88.5,67.0,023,NN,023,Tone->Tone,FM,5.00,,50W,Skrzyczne,,,,
172,SR9ASR,438.300000,-,7.600000,Tone,74.4,74.4,023,NN,023,Tone->Tone,FM,5.00,,50W,Gora Zar,,,,
173,SR9AMS,145.237500,,0.000000,Tone,107.2,88.5,023,NN,023,Tone->Tone,FM,5.00,,50W,(zmiana lokalizacji),,,,
174,SR9AE,438.825000,-,7.600000,Tone,103.5,103.5,023,NN,023,Tone->Tone,FM,5.00,,50W,Obserwatorium astronomiczne na Gorze Lubomir,,,,
175,SR9AD,439.000000,-,7.600000,,88.5,88.5,023,NN,023,Tone->Tone,DV,5.00,,50W,Krakow,,,,
176,SR9ABC,51.990000,-,0.600000,,88.5,88.5,023,NN,023,Tone->Tone,FM,5.00,,50W,Szczawnica - Gora Przehyba (Teren schroniska),,,,
177,SR9A,145.775000,-,0.600000,,88.5,88.5,023,NN,023,Tone->Tone,FM,5.00,,50W,Gora Wal - Tarnow,,,,
178,SR8ZA,439.275000,-,7.600000,Tone,77.0,77.0,023,NN,023,Tone->Tone,FM,5.00,,50W,Feliksowka k/Zamoscia,,,,
179,SR8Z,145.750000,-,0.600000,Tone,77.0,77.0,023,NN,023,Tone->Tone,FM,5.00,,50W,Feliksowka k/Zamoscia,,,,
180,SR8X,145.700000,-,0.600000,Tone,118.8,118.8,023,NN,023,Tone->Tone,FM,5.00,,50W,Pulawy,,,,
181,SR8WD,438.975000,-,7.600000,Tone,103.5,103.5,023,NN,023,Tone->Tone,FM,5.00,,50W,Wlodawa,,,,
182,SR8V,145.612500,-,0.600000,,88.5,103.5,023,NN,023,Tone->Tone,FM,5.00,,50W,Jaslo,,,,
183,SR8UWD,438.512500,-,7.600000,,88.5,88.5,023,NN,023,Tone->Tone,DV,5.00,,50W,Wlodawa,,,,
184,SR8UVS,438.325000,-,7.600000,,88.5,88.5,023,NN,023,Tone->Tone,DV,5.00,,50W,Swidnik,,,,
185,SR8UVP,439.462500,-,7.600000,,88.5,88.5,023,NN,023,Tone->Tone,DV,5.00,,50W,Kazimierz Dolny,,,,
186,SR8UVL,438.825000,-,7.600000,,88.5,88.5,023,NN,023,Tone->Tone,DV,5.00,,50W,Lublin,,,,
187,SR8UVC,439.550000,-,7.600000,,88.5,88.5,023,NN,023,Tone->Tone,DV,5.00,,50W,CHOTYLOW,,,,
188,SR8UVB,439.412500,-,7.600000,,88.5,88.5,023,NN,023,Tone->Tone,DV,5.00,,50W,Chotycze - RTCN Losice,,,,
189,SR8UKS,439.112500,-,7.600000,,88.5,88.5,023,NN,023,Tone->Tone,DV,5.00,,50W,RTCN Sucha Gora/Krosno EmiTel-Czarnorzeki 90,,,,
190,SR8U,145.687500,-,0.600000,,88.5,88.5,023,NN,023,Tone->Tone,FM,5.00,,50W,Baligrod,,,,
191,SR8TPM,145.337500,,0.000000,Tone,71.9,71.9,023,NN,023,Tone->Tone,FM,5.00,,50W,,,,,
192,SR8TA,438.950000,-,7.600000,Tone,103.5,103.5,023,NN,023,Tone->Tone,FM,5.00,,50W,RTCN Sucha Gora/Krosno EmiTel-Czarnorzeki 90,,,,
193,SR8T,145.725000,-,0.600000,Tone,103.5,103.5,023,NN,023,Tone->Tone,FM,5.00,,50W,RTCN Sucha Gora/Krosno EmiTel-Czarnorzeki 90,,,,
194,SR8SM,438.650000,-,7.600000,Tone,123.0,123.0,023,NN,023,Tone->Tone,FM,5.00,,50W,Debica,,,,
195,SR8SD,439.325000,-,7.600000,Tone,123.0,123.0,023,NN,023,Tone->Tone,FM,5.00,,50W,Swidnik,,,,
196,SR8S,145.712500,-,0.600000,Tone,123.0,123.0,023,NN,023,Tone->Tone,FM,5.00,,50W,Swidnik,,,,
197,SR8RZ,439.250000,-,7.600000,Tone,71.9,71.9,023,NN,023,Tone->Tone,FM,5.00,,50W,Rzeszow,,,,
198,SR8RSC,145.287500,,0.000000,Tone,71.9,71.9,023,NN,023,Tone->Tone,FM,5.00,,50W,Boguchwala,,,,
199,SR8RJS,438.500000,-,7.600000,Tone,103.5,103.5,023,NN,023,Tone->Tone,FM,5.00,,50W,Opacie,,,,
200,SR8RD,438.962500,-,7.600000,,88.5,88.5,023,NN,023,Tone->Tone,DV,5.00,,50W,Stalowa Wola,,,,
201,SR8R,145.675000,-,0.600000,,88.5,71.9,023,NN,023,Tone->Tone,FM,5.00,,50W,Rzeszow,,,,
202,SR8PU,438.850000,-,7.600000,Tone,118.8,118.8,023,NN,023,Tone->Tone,FM,5.00,,50W,Kazimierz Dolny,,,,
203,SR8PPN,438.900000,-,7.600000,,88.5,67.0,023,NN,023,Tone->Tone,FM,5.00,,50W,gm. Urszulin,,,,
204,SR8PL,439.087500,-,7.600000,Tone,118.8,118.8,023,NN,023,Tone->Tone,FM,5.00,,50W,Kazimierz Dolny,,,,
205,SR8NP,145.762500,-,0.600000,Tone,186.2,88.5,023,NN,023,Tone->Tone,FM,5.00,,50W,Przemysl,,,,
206,SR8MBR,50.540000,+,94.697500,Tone,71.9,71.9,023,NN,023,Tone->Tone,FM,5.00,,50W,Tyczyn Lasek,,,,
207,SR8LW,438.700000,-,7.600000,,88.5,67.0,023,NN,023,Tone->Tone,FM,5.00,,50W,Lukow (Zbozowa 2),,,,
208,SR8LUF,439.525000,-,7.600000,,88.5,88.5,023,NN,023,Tone->Tone,DV,5.00,,50W,Lublin,,,,
209,SR8LU,439.050000,-,7.600000,Tone,67.0,67.0,023,NN,023,Tone->Tone,FM,5.00,,50W,Lublin,,,,
210,SR8LSW,439.025000,-,7.600000,Tone,110.9,110.9,023,NN,023,Tone->Tone,FM,5.00,,50W,Swidnik,,,,
211,SR8LLB,439.250000,-,7.600000,,88.5,77.0,023,NN,023,Tone->Tone,FM,5.00,,50W,Lubartow,,,,
212,SR8LL,1298.700000,-,28.000000,,88.5,88.5,023,NN,023,Tone->Tone,FM,5.00,,50W,Lublin,,,,
213,SR8LKR,438.550000,-,7.600000,Tone,67.0,67.0,023,NN,023,Tone->Tone,FM,5.00,,50W,Krasnik,,,,
214,SR8LBL,29.670000,-,0.100000,,88.5,71.9,023,NN,023,Tone->Tone,FM,5.00,,50W,Giedlarowa,,,,
215,SR8LBD,438.575000,-,7.600000,Tone,77.0,77.0,023,NN,023,Tone->Tone,FM,5.00,,50W,RTCN Lublin / Bozy Dar (Emitel),,,,
216,SR8L,145.675000,-,0.600000,Tone,67.0,67.0,023,NN,023,Tone->Tone,FM,5.00,,50W,RTCN Lublin / Bozy Dar (Emitel),,,,
217,SR8KSR,438.925000,-,7.600000,Tone,103.5,103.5,023,NN,023,Tone->Tone,FM,5.00,,50W,Krosno,,,,
218,SR8KR,438.625000,-,7.600000,Tone,103.5,103.5,023,NN,023,Tone->Tone,FM,5.00,,50W,RTCN Sucha Gora/Krosno EmiTel-Czarnorzeki 90,,,,
219,SR8KP,439.575000,-,7.600000,Tone,71.9,71.9,023,NN,023,Tone->Tone,FM,5.00,,50W,Lezajsk-Giedlarowa,,,,
220,SR8K,145.600000,-,0.600000,Tone,71.9,71.9,023,NN,023,Tone->Tone,FM,5.00,,50W,Drohobyczka-Dubiecko,,,,
221,SR8JS,438.800000,-,7.600000,Tone,103.5,88.5,023,NN,023,Tone->Tone,FM,5.00,,50W,Jaslo - Gora Liwocz,,,,
222,SR8JR,439.250000,-,7.600000,,88.5,67.0,023,NN,023,Tone->Tone,FM,5.00,,50W,Jaroslaw,,,,
223,SR8J,145.700000,-,0.600000,,88.5,88.5,023,NN,023,Tone->Tone,FM,5.00,,50W,Jaroslaw,,,,
224,SR8FWD,438.712500,-,7.600000,,88.5,88.5,023,NN,023,Tone->Tone,DV,5.00,,50W,Wlodawa,,,,
225,SR8ET,439.200000,-,7.600000,Tone,71.9,71.9,023,NN,023,Tone->Tone,FM,5.00,,50W,Sanok - Urzad Miasta,,,,
226,SR8DVP,438.450000,-,7.600000,,88.5,88.5,023,NN,023,Tone->Tone,DV,5.00,,50W,Kazimierz Dolny,,,,
227,SR8DV,439.400000,-,8.600000,,88.5,88.5,023,NN,023,Tone->Tone,DV,5.00,,50W,RTCN Sucha Gora/Krosno EmiTel-Czarnorzeki 90,,,,
228,SR8DU,439.000000,-,7.600000,Tone,71.9,71.9,023,NN,023,Tone->Tone,FM,5.00,,50W,Drohobyczka-Dubiecko,,,,
229,SR8DRL,438.275000,-,7.600000,,88.5,88.5,023,NN,023,Tone->Tone,DV,5.00,,50W,Lublin,,,,
230,SR8DMR,438.837500,-,7.600000,,88.5,88.5,023,NN,023,Tone->Tone,DV,5.00,,50W,Chotycze - RTCN Losice,,,,
231,SR8DMK,439.375000,-,7.600000,,88.5,88.5,023,NN,023,Tone->Tone,DV,5.00,,50W,RTCN Sucha Gora/Krosno EmiTel-Czarnorzeki 90,,,,
232,SR8DMB,439.575000,-,7.600000,,88.5,88.5,023,NN,023,Tone->Tone,DV,5.00,,50W,Bezmiechowa,,,,
233,SR8DEF,438.425000,-,7.600000,,88.5,103.5,023,NN,023,Tone->Tone,FM,5.00,,50W,Debica,,,,
234,SR8DE,439.300000,-,7.600000,,88.5,103.5,023,NN,023,Tone->Tone,FM,5.00,,50W,Debica,,,,
235,SR8D,145.650000,-,0.600000,Tone,79.7,79.7,023,NN,023,Tone->Tone,FM,5.00,,50W,Chotycze / Losice,,,,
236,SR8CH,438.675000,-,7.600000,,88.5,77.0,023,NN,023,Tone->Tone,FM,5.00,,50W,Chelm,,,,
237,SR8BP,438.650000,-,7.600000,Tone,79.7,79.7,023,NN,023,Tone->Tone,FM,5.00,,50W,Chotycze / Losice,,,,
238,SR8BI,438.900000,-,7.600000,,88.5,88.5,023,NN,023,Tone->Tone,FM,5.00,,50W,Baligrod,,,,
239,SR8BD,438.875000,-,7.600000,Tone,103.5,103.5,023,NN,023,Tone->Tone,FM,5.00,,50W,Biala Podlaska Pec,,,,
240,SR8BB,438.875000,-,7.600000,Tone,103.5,103.5,023,NN,023,Tone->Tone,FM,5.00,,50W,Bereznica Wyzna,,,,
241,SR8B,145.787500,-,0.600000,Tone,71.9,71.9,023,NN,023,Tone->Tone,FM,5.00,,50W,Lezajsk,,,,
242,SR8AVB,439.012500,-,7.600000,,88.5,88.5,023,NN,023,Tone->Tone,DV,5.00,,50W,Biala Podlaska,,,,
243,SR8AR,29.590000,+,0.100000,Tone,127.3,127.3,023,NN,023,Tone->Tone,FM,5.00,,50W,Krosno,,,,
244,SR8AR,29.690000,-,0.100000,Tone,127.3,127.3,023,NN,023,Tone->Tone,FM,5.00,,50W,Krosno,,,,
245,SR8AGA,439.350000,-,7.600000,,88.5,103.5,023,NN,023,Tone->Tone,FM,5.00,,50W,Domaradz,,,,
246,SR7ZG,438.950000,-,7.600000,,88.5,77.0,023,NN,023,Tone->Tone,FM,5.00,,50W,Zgierz,,,,
247,SR7ZD,438.900000,-,7.600000,,88.5,77.0,023,NN,023,Tone->Tone,FM,5.00,,50W,Zdunska Wola,,,,
248,SR7Z,145.600000,-,0.600000,,88.5,77.0,023,NN,023,Tone->Tone,FM,5.00,,50W,Lodz,,,,
249,SR7WI,439.000000,-,7.600000,,88.5,88.5,023,NN,023,Tone->Tone,FM,5.00,,50W,Dzialoszyn,,,,
250,SR7W,145.700000,-,0.600000,Tone,77.0,88.5,023,NN,023,Tone->Tone,FM,5.00,,50W,Wielun,,,,
251,SR7VV,439.112500,-,7.600000,Tone,77.0,77.0,023,NN,023,Tone->Tone,FM,5.00,,50W,Gora Kamiensk wieza EmiTel,,,,
252,SR7V,145.625000,-,0.600000,Tone,88.5,88.5,023,NN,023,Tone->Tone,FM,5.00,,50W,RTCN Swiety Krzyz EmiTel - Lysa Gora/Nowa Slupia,,,,
253,SR7UWI,438.525000,-,7.600000,,88.5,88.5,023,NN,023,Tone->Tone,DV,5.00,,50W,Czastary,,,,
254,SR7UVV,439.487500,-,7.600000,,88.5,88.5,023,NN,023,Tone->Tone,DV,5.00,,50W,Gora Kamiensk wieza EmiTel,,,,
255,SR7UVL-B,439.450000,-,7.600000,,88.5,88.5,023,NN,023,Tone->Tone,DV,5.00,,50W,Lodz,,,,
256,SR7UVK-B,439.125000,-,7.600000,,88.5,88.5,023,NN,023,Tone->Tone,DV,5.00,,50W,Lysa Gora/Nowa Slupia - RTCN Swiety Krzyz EmiTel,,,,
257,SR7UTM,439.100000,-,7.600000,,88.5,88.5,023,NN,023,Tone->Tone,DV,5.00,,50W,Tomaszow Mazowiecki,,,,
258,SR7ULD,439.550000,-,7.600000,,88.5,88.5,023,NN,023,Tone->Tone,DV,5.00,,50W,Lodz,,,,
259,SR7UAL,438.650000,-,7.600000,,88.5,88.5,023,NN,023,Tone->Tone,DV,5.00,,50W,Lodz,,,,
260,SR7ULM,439.500000,-,7.600000,Tone,88.5,74.4,023,NN,023,Tone->Tone,DV,5.00,,50W,Lodz,,,,
261,SR7TM,438.675000,-,7.600000,Tone,118.8,118.8,023,NN,023,Tone->Tone,FM,5.00,,50W,Tomaszow Mazowiecki,,,,
262,SR7TCW,438.125000,-,292.825000,,88.5,88.5,023,NN,023,Tone->Tone,FM,5.00,,50W,Zlota,,,,
263,SR7T,438.875000,-,7.600000,,88.5,88.5,023,NN,023,Tone->Tone,DV,5.00,,50W,Zlota,,,,
264,SR7ST,439.150000,-,7.600000,Tone,110.9,110.9,023,NN,023,Tone->Tone,FM,5.00,,50W,Staszow - wieza   Polkomtel Sp. z o.o. - Plus,,,,
265,SR7SI,438.825000,-,7.600000,Tone,77.0,77.0,023,NN,023,Tone->Tone,FM,5.00,,50W,Sieradz,,,,
266,SR7SC,439.325000,-,7.600000,Tone,118.8,118.8,023,NN,023,Tone->Tone,FM,5.00,,50W,Skierniewice,,,,
267,SR7SAN,439.062500,-,7.600000,,88.5,88.5,023,NN,023,Tone->Tone,DV,5.00,,50W,Koprzywnica,,,,
268,SR7PB,438.650000,-,7.600000,Tone,118.8,88.5,023,NN,023,Tone->Tone,FM,5.00,,50W,Baltow,,,,
269,SR7PA,439.400000,-,7.600000,,88.5,77.0,023,NN,023,Tone->Tone,FM,5.00,,50W,Pabianice,,,,
270,SR7OS,439.475000,-,7.600000,Tone,71.9,71.9,023,NN,023,Tone->Tone,FM,5.00,,50W,Ostrowiec Swietokrzyski,,,,
271,SR7O,145.662500,-,0.600000,,88.5,88.5,023,NN,023,Tone->Tone,FM,5.00,,50W,Sniezkowice POLKOMTEL,,,,
272,SR7MK,438.475000,-,7.600000,,88.5,88.5,023,NN,023,Tone->Tone,DV,5.00,,50W,Lysa Gora/Nowa Slupia - RTCN Swiety Krzyz EmiTel,,,,
273,SR7LO,1298.700000,-,28.000000,,88.5,88.5,023,NN,023,Tone->Tone,FM,5.00,,50W,Lodz,,,,
274,SR7LM,439.200000,-,7.600000,,88.5,88.5,023,NN,023,Tone->Tone,FM,5.00,,50W,Lodz,,,,
275,SR7LLX,438.875000,-,7.600000,,88.5,88.5,023,NN,023,Tone->Tone,FM,5.00,,50W,,,,,
276,SR7LL,145.712500,-,0.600000,,88.5,88.5,023,NN,023,Tone->Tone,DV,5.00,,50W,Lodz,,,,
277,SR7LDZ,438.350000,-,7.600000,Tone,77.0,77.0,023,NN,023,Tone->Tone,FM,5.00,,50W,Lodz,,,,
278,SR7LDY,145.737500,-,0.600000,,88.5,88.5,023,NN,023,Tone->Tone,DV,5.00,,50W,Plichtow,,,,
279,SR7LDQ,438.850000,-,7.600000,,88.5,88.5,023,NN,023,Tone->Tone,DV,5.00,,50W,Plichtow,,,,
280,SR7LDD,438.225000,-,7.600000,,88.5,88.5,023,NN,023,Tone->Tone,DV,5.00,,50W,Lodz,,,,
281,SR7LDA,438.450000,-,7.600000,,88.5,88.5,023,NN,023,Tone->Tone,DV,5.00,,50W,Lodz,,,,
282,SR7LD,439.075000,-,7.600000,Tone,77.0,77.0,023,NN,023,Tone->Tone,FM,5.00,,50W,Lodz,,,,
283,SR7LA,439.550000,-,7.600000,Tone,77.0,77.0,023,NN,023,Tone->Tone,FM,5.00,,50W,Lask,,,,
284,SR7L,145.675000,-,0.600000,,88.5,77.0,023,NN,023,Tone->Tone,FM,5.00,,50W,Lodz,,,,
285,SR7KU,438.925000,-,7.600000,,88.5,82.5,023,NN,023,Tone->Tone,FM,5.00,,50W,Kutno,,,,
286,SR7KP,439.425000,-,7.600000,Tone,88.5,88.5,023,NN,023,Tone->Tone,FM,5.00,,50W,Kielce,,,,
287,SR7KI,438.725000,-,7.600000,Tone,88.5,88.5,023,NN,023,Tone->Tone,FM,5.00,,50W,RTCN Swiety Krzyz EmiTel - Lysa Gora/Nowa Slupia,,,,
288,SR7KGO,145.275000,+,287.975000,Tone,88.5,88.5,023,NN,023,Tone->Tone,FM,5.00,,50W,Busko-Zdroj,,,,
289,SR7G,439.062500,-,7.600000,,88.5,88.5,023,NN,023,Tone->Tone,DV,5.00,,50W,Zlota,,,,
290,SR7FUS,438.612500,-,7.600000,,88.5,88.5,023,NN,023,Tone->Tone,DV,5.00,,50W,Gora Kamiensk wieza EmiTel,,,,
291,SR7E,145.762500,-,0.600000,Tone,77.0,77.0,023,NN,023,Tone->Tone,FM,5.00,,50W,Belchatow,,,,
292,SR7DVK,438.325000,-,7.600000,,88.5,88.5,023,NN,023,Tone->Tone,DV,5.00,,50W,Kutno,,,,
293,SR7DSC,439.287500,-,7.600000,,88.5,88.5,023,NN,023,Tone->Tone,DV,5.00,,50W,Skierniewice,,,,
294,SR7DMR,438.275000,-,7.600000,,88.5,88.5,023,NN,023,Tone->Tone,DV,5.00,,50W,Gora Kamiensk wieza EmiTel,,,,
295,SR7DMK,439.412500,-,7.600000,,88.5,88.5,023,NN,023,Tone->Tone,DV,5.00,,50W,Lysa Gora/Nowa Slupia - RTCN Swiety Krzyz EmiTel,,,,
296,SR7CKD,145.575000,-,0.600000,,88.5,88.5,023,NN,023,Tone->Tone,DV,5.00,,50W,Lodz,,,,
297,SR7BU,145.237500,,0.000000,Tone,77.0,77.0,023,NN,023,Tone->Tone,FM,5.00,,50W,Burzenin,,,,
298,SR7ABZ,145.275000,-,0.600000,Tone,88.5,88.5,023,NN,023,Tone->Tone,FM,5.00,,50W,Busko-Zdroj,,,,
299,SR6Z,145.637500,-,0.600000,Tone,67.0,67.0,023,NN,023,Tone->Tone,FM,5.00,,50W,Gora Swieradowiec,,,,
300,SR6XWS,439.562500,-,7.600000,,88.5,88.5,023,NN,023,Tone->Tone,DV,5.00,,50W,Wielka Sowa,,,,
301,SR6WY,439.075000,-,7.600000,Tone,71.9,71.9,023,NN,023,Tone->Tone,FM,5.00,,50W,Wysoka k. Gory Sw Anny,,,,
302,SR6WS,438.925000,-,7.600000,Tone,94.8,94.8,023,NN,023,Tone->Tone,FM,5.00,,50W,Wielka Sowa,,,,
303,SR6WR,438.850000,-,7.600000,Tone,103.5,103.5,023,NN,023,Tone->Tone,FM,5.00,,50W,Wroclaw,,,,
304,SR6WB,439.362500,-,7.600000,,88.5,94.8,023,NN,023,Tone->Tone,FM,5.00,,50W,Gora Chelmiec,,,,
305,SR6W,145.662500,-,0.600000,Tone,94.8,94.8,023,NN,023,Tone->Tone,FM,5.00,,50W,Gora Chelmiec,,,,
306,SR6UVX,439.412500,-,7.600000,,88.5,103.5,023,NN,023,Tone->Tone,FM,5.00,,50W,Zmigrod,,,,
307,SR6UVW,439.012500,-,7.600000,,88.5,88.5,023,NN,023,Tone->Tone,DV,5.00,,50W,Wroclaw - Dom Akademicki,,,,
308,SR6UVO,439.387500,-,7.600000,Tone,94.8,94.8,023,NN,023,Tone->Tone,FM,5.00,,50W,Elektrownia Opole Brzezie k/Opola,,,,
309,SR6UPK,438.537500,-,7.600000,,88.5,67.0,023,NN,023,Tone->Tone,FM,5.00,,50W,,,,,
310,SR6UKR,438.425000,-,7.600000,,88.5,88.5,023,NN,023,Tone->Tone,DV,5.00,,50W,Krapkowice,,,,
311,SR6UKB,439.262500,-,7.600000,Tone,94.8,94.8,023,NN,023,Tone->Tone,FM,5.00,,50W,Kopa Biskupia,,,,
312,SR6TW,438.750000,-,7.600000,,88.5,88.5,023,NN,023,Tone->Tone,DV,5.00,,50W,Chelstow,,,,
313,SR6TT,439.225000,-,7.600000,Tone,67.0,67.0,023,NN,023,Tone->Tone,FM,5.00,,50W,BOLKOW STARE ROCHOWICE,,,,
314,SR6S,145.787500,-,0.600000,Tone,94.8,94.8,023,NN,023,Tone->Tone,FM,5.00,,50W,Wielka Sowa,,,,
315,SR6RWS,438.200000,-,7.600000,,88.5,88.5,023,NN,023,Tone->Tone,DV,5.00,,50W,Wielka Sowa,,,,
316,SR6R,145.600000,-,0.600000,Tone,103.5,103.5,023,NN,023,Tone->Tone,FM,5.00,,50W,Wroclaw,,,,
317,SR6PS,438.800000,-,7.600000,Tone,94.8,94.8,023,NN,023,Tone->Tone,FM,5.00,,50W,Swidnica,,,,
318,SR6OP,439.325000,-,7.600000,Tone,94.8,94.8,023,NN,023,Tone->Tone,FM,5.00,,50W,Opole,,,,
319,SR6OO,439.250000,-,7.600000,Tone,123.0,123.0,023,NN,023,Tone->Tone,FM,5.00,,50W,Olesno,,,,
320,SR6OA,438.875000,-,7.600000,Tone,123.0,123.0,023,NN,023,Tone->Tone,FM,5.00,,50W,Olawa,,,,
321,SR6NR,439.425000,-,7.600000,,88.5,94.8,023,NN,023,Tone->Tone,FM,5.00,,50W,Nowa Ruda-Slupiec,,,,
322,SR6MRU,439.300000,-,7.600000,,88.5,88.5,023,NN,023,Tone->Tone,FM,5.00,,50W,Wroclaw,,,,
323,SR6MI,439.337500,-,7.600000,,88.5,67.0,023,NN,023,Tone->Tone,FM,5.00,,50W,Milkowice,,,,
324,SR6MA,438.725000,-,7.600000,,88.5,94.8,023,NN,023,Tone->Tone,FM,5.00,,50W,Gora Sleza EMITEL,,,,
325,SR6LZM,438.600000,-,7.600000,Tone,103.5,103.5,023,NN,023,Tone->Tone,FM,5.00,,50W,Zmigrod,,,,
326,SR6LWS,439.287500,-,7.600000,Tone,94.8,94.8,023,NN,023,Tone->Tone,FM,5.00,,50W,Wielka Sowa,,,,
327,SR6K,145.737500,-,0.600000,,88.5,88.5,023,NN,023,Tone->Tone,FM,5.00,,50W,Jugow,,,,
328,SR6JG,438.675000,-,7.600000,Tone,67.0,67.0,023,NN,023,Tone->Tone,FM,5.00,,50W,Gora Kopa/Karpacz,,,,
329,SR6J,145.675000,-,0.600000,Tone,67.0,67.0,023,NN,023,Tone->Tone,FM,5.00,,50W,Gora Szrenica/Szklarska Poreba,,,,
330,SR6G,145.625000,-,0.600000,Tone,94.8,94.8,023,NN,023,Tone->Tone,FM,5.00,,50W,Gora Sleza EMITEL,,,,
331,SR6FG,439.187500,-,7.600000,Tone,103.5,103.5,023,NN,023,Tone->Tone,FM,5.00,,50W,,,,,
332,SR6F,145.750000,-,0.600000,Tone,71.9,71.9,023,NN,023,Tone->Tone,FM,5.00,,50W,BISKUPIA KOPA,,,,
333,SR6DZM,438.637500,-,7.600000,,88.5,88.5,023,NN,023,Tone->Tone,DV,5.00,,50W,Zmigrod,,,,
334,SR6DWS,438.462500,-,7.600000,,88.5,88.5,023,NN,023,Tone->Tone,DV,5.00,,50W,Wielka Sowa,,,,
335,SR6DST,145.687500,-,0.600000,Tone,123.0,123.0,023,NN,023,Tone->Tone,FM,5.00,,50W,Strzelin Wieza Cisnien,,,,
336,SR6DMR,438.487500,-,7.600000,,88.5,88.5,023,NN,023,Tone->Tone,DV,5.00,,50W,Wroclaw,,,,
337,SR6DL,144.975000,,0.000000,,88.5,88.5,023,NN,023,Tone->Tone,FM,5.00,,50W,Dalachow,,,,
338,SR6DKB,438.262500,-,7.600000,,88.5,88.5,023,NN,023,Tone->Tone,DV,5.00,,50W,Krapkowice,,,,
339,SR6DA,439.137500,-,7.600000,,88.5,88.5,023,NN,023,Tone->Tone,FM,5.00,,50W,Dalachow,,,,
340,SR6C,439.250000,-,7.600000,,88.5,67.0,023,NN,023,Tone->Tone,FM,5.00,,50W,Boleslawiec,,,,
341,SR6B,145.762500,-,0.600000,Tone,77.0,77.0,023,NN,023,Tone->Tone,FM,5.00,,50W,Dzialoszyn - stacja meteo,,,,
342,SR6ACZ,438.950000,-,7.600000,Tone,103.5,103.5,023,NN,023,Tone->Tone,FM,5.00,,50W,Wroclaw,,,,
343,SR6AA,439.400000,-,7.600000,,88.5,67.0,023,NN,023,Tone->Tone,FM,5.00,,50W,Legnica,,,,
344,SR6A,145.575000,-,0.600000,,88.5,88.5,023,NN,023,Tone->Tone,DV,5.00,,50W,Brzeg,,,,
345,SR5ZU,438.700000,-,7.600000,Tone,88.5,88.5,023,NN,023,Tone->Tone,FM,5.00,,50W,Zuromin,,,,
346,SR5ZQ,439.250000,-,7.600000,,88.5,88.5,023,NN,023,Tone->Tone,DV,5.00,,50W,Skierniewice,,,,
347,SR5ZIP,439.250000,-,7.600000,Tone,127.3,127.3,023,NN,023,Tone->Tone,FM,5.00,,50W,Warszawa,,,,
348,SR5YM,438.300000,-,7.600000,,88.5,88.5,023,NN,023,Tone->Tone,DV,5.00,,50W,Komorow,,,,
349,SR5YAM,430.537500,,0.000000,,88.5,88.5,023,NN,023,Tone->Tone,DV,5.00,,50W,Komorow,,,,
350,SR5WZ,439.000000,-,7.600000,Tone,127.3,127.3,023,NN,023,Tone->Tone,FM,5.00,,50W,Moszna-Parcela komin Elektrocieplowni Pruszkow II,,,,
351,SR5WWL,438.462500,-,7.600000,Tone,127.3,127.3,023,NN,023,Tone->Tone,FM,5.00,,50W,Marki,,,,
352,SR5WW,438.500000,-,7.600000,,88.5,88.5,023,NN,023,Tone->Tone,DV,5.00,,50W,Warszawa - Komin EC Kaweczyn,,,,
353,SR5WU,438.775000,-,7.600000,,88.5,88.5,023,NN,023,Tone->Tone,DV,5.00,,50W,Warszawa-Ursynow,,,,
354,SR5WP,438.625000,-,7.600000,Tone,127.3,127.3,023,NN,023,Tone->Tone,FM,5.00,,50W,Moszna-Parcela komin Elektrocieplowni Pruszkow II,,,,
355,SR5WI,438.900000,-,7.600000,,88.5,88.5,023,NN,023,Tone->Tone,DV,5.00,,50W,Warszawa,,,,
356,SR5WF,439.200000,-,7.600000,,88.5,88.5,023,NN,023,Tone->Tone,DV,5.00,,50W,Warszawa,,,,
357,SR5WD,438.400000,-,7.600000,,88.5,88.5,023,NN,023,Tone->Tone,DV,5.00,,50W,Moszna-Parcela,,,,
358,SR5WC,438.600000,-,7.600000,,88.5,88.5,023,NN,023,Tone->Tone,DV,5.00,,50W,Moszna-Parcela komin Elektrocieplowni Pruszkow II,,,,
359,SR5WB,438.550000,-,7.600000,,88.5,88.5,023,NN,023,Tone->Tone,DV,5.00,,50W,Moszna-Parcela komin Elektrocieplowni Pruszkow II,,,,
360,SR5WAD,438.337500,-,7.600000,Tone,127.3,127.3,023,NN,023,Tone->Tone,FM,5.00,,50W,Warszawa - komin EC Kaweczyn,,,,
361,SR5WA,439.350000,-,7.600000,Tone,127.3,127.3,023,NN,023,Tone->Tone,FM,5.00,,50W,Warszawa - komin EC Kaweczyn,,,,
362,SR5W,145.750000,-,0.600000,Tone,127.3,127.3,023,NN,023,Tone->Tone,FM,5.00,,50W,Warszawa - komin EC Kaweczyn,,,,
363,SR5VW,438.825000,-,7.600000,Tone,67.0,67.0,023,NN,023,Tone->Tone,FM,5.00,,50W,Rozan EMITEL,,,,
364,SR5UVR,438.525000,-,7.600000,,88.5,88.5,023,NN,023,Tone->Tone,DV,5.00,,50W,Radom,,,,
365,SR5UVA,439.437500,-,7.600000,,88.5,88.5,023,NN,023,Tone->Tone,DV,5.00,,50W,Warszawa - komin EC Kaweczyn,,,,
366,SR5UR,439.300000,-,7.600000,,88.5,127.3,023,NN,023,Tone->Tone,FM,5.00,,50W,Warszawa Ursus,,,,
367,SR5UOS,438.912500,-,7.600000,,88.5,88.5,023,NN,023,Tone->Tone,DV,5.00,,50W,Ostroleka,,,,
368,SR5U,145.775000,-,0.600000,,88.5,88.5,023,NN,023,Tone->Tone,FM,5.00,,50W,Warszawa Ursus,,,,
369,SR5SQ,438.987500,-,7.600000,,88.5,88.5,023,NN,023,Tone->Tone,DV,5.00,,50W,Krze Duze,,,,
370,SR5SE,438.750000,-,7.600000,Tone,127.3,127.3,023,NN,023,Tone->Tone,FM,5.00,,50W,Siedlce,,,,
371,SR5S,145.612500,-,0.600000,Tone,127.3,127.3,023,NN,023,Tone->Tone,FM,5.00,,50W,Siedlce,,,,
372,SR5RR,439.275000,-,7.600000,Tone,127.3,127.3,023,NN,023,Tone->Tone,FM,5.00,,50W,Warszawa - Mokotow ul. Iberyjska,,,,
373,SR5RK,438.750000,-,7.600000,Tone,118.8,118.8,023,NN,023,Tone->Tone,FM,5.00,,50W,Kozlowiec - Przysucha RTCN,,,,
374,SR5RAD,145.787500,-,0.600000,Tone,118.8,118.8,023,NN,023,Tone->Tone,FM,5.00,,50W,RADOM - maszt Emitel,,,,
375,SR5RA,438.925000,-,7.600000,Tone,118.8,118.8,023,NN,023,Tone->Tone,FM,5.00,,50W,Radom,,,,
376,SR5R,145.600000,-,0.600000,,88.5,127.3,023,NN,023,Tone->Tone,FM,5.00,,50W,Pruszkow,,,,
377,SR5QDMR,438.525000,-,7.600000,,88.5,88.5,023,NN,023,Tone->Tone,DV,5.00,,50W,Siedlce,,,,
378,SR5PR,439.175000,-,7.600000,,88.5,88.5,023,NN,023,Tone->Tone,FM,5.00,,50W,Pruszkow,,,,
379,SR5POT,439.150000,-,7.600000,Tone,127.3,127.3,023,NN,023,Tone->Tone,FM,5.00,,50W,Warszawa - Kaweczyn,,,,
380,SR5PN,145.662500,-,0.600000,,88.5,127.3,023,NN,023,Tone->Tone,FM,5.00,,50W,Plonsk,,,,
381,SR5PLZ,439.387500,-,7.600000,,88.5,88.5,023,NN,023,Tone->Tone,DV,5.00,,50W,Plock,,,,
382,SR5PL,439.125000,-,7.600000,,88.5,127.3,023,NN,023,Tone->Tone,FM,5.00,,50W,Plock,,,,
383,SR5P,145.725000,-,0.600000,,88.5,127.3,023,NN,023,Tone->Tone,FM,5.00,,50W,Plock,,,,
384,SR5OS,439.050000,-,7.600000,,88.5,67.0,023,NN,023,Tone->Tone,FM,5.00,,50W,Ostroleka,,,,
385,SR5OK,439.262500,-,7.600000,,88.5,88.5,023,NN,023,Tone->Tone,FM,5.00,,50W,Kadzidlo,,,,
386,SR5O,145.675000,-,0.600000,Tone,127.3,127.3,023,NN,023,Tone->Tone,FM,5.00,,50W,Ostroleka,,,,
387,SR5NRD,438.975000,-,7.600000,,88.5,127.3,023,NN,023,Tone->Tone,FM,5.00,,50W,Cybulin,,,,
388,SR5ND,439.425000,-,7.600000,Tone,127.3,127.3,023,NN,023,Tone->Tone,FM,5.00,,50W,Nowy Dwor Mazowiecki,,,,
389,SR5MS,438.812500,-,7.600000,,88.5,88.5,023,NN,023,Tone->Tone,DV,5.00,,50W,Nowy Dwor Mazowiecki,,,,
390,SR5MM,438.950000,-,7.600000,Tone,127.3,127.3,023,NN,023,Tone->Tone,FM,5.00,,50W,Minsk Mazowiecki,,,,
391,SR5MDV,438.887500,-,7.600000,,88.5,88.5,023,NN,023,Tone->Tone,DV,5.00,,50W,Minsk Mazowiecki,,,,
392,SR5LW,1298.100000,-,28.000000,,88.5,88.5,023,NN,023,Tone->Tone,FM,5.00,,50W,Pruszkow,,,,
393,SR5LOM,1298.400000,-,28.000000,,88.5,88.5,023,NN,023,Tone->Tone,FM,5.00,,50W,Lomianki,,,,
394,SR5KPN,438.200000,-,7.600000,Tone,127.3,127.3,023,NN,023,Tone->Tone,FM,5.00,,50W,Zamczysko,,,,
395,SR5KP,29.680000,-,0.100000,Tone,127.3,127.3,023,NN,023,Tone->Tone,FM,5.00,,50W,Moszna-Parcela komin Elektrocieplowni Pruszkow II,,,,
396,SR5KO,439.200000,-,7.600000,Tone,118.8,118.8,023,NN,023,Tone->Tone,FM,5.00,,50W,Kozienice,,,,
397,SR5KAB,439.400000,-,7.600000,,88.5,88.5,023,NN,023,Tone->Tone,DV,5.00,,50W,Warszawa,,,,
398,SR5ID,439.037500,-,7.600000,Tone,127.3,127.3,023,NN,023,Tone->Tone,FM,5.00,,50W,Kuflew,,,,
399,SR5GR,438.800000,-,7.600000,Tone,127.3,127.3,023,NN,023,Tone->Tone,FM,5.00,,50W,GROJEC ul. PILSUDSKIEGO 6,,,,
400,SR5FWG,438.250000,-,7.600000,Tone,127.3,127.3,023,NN,023,Tone->Tone,FM,5.00,,50W,Garwolin,,,,
401,SR5FUS,438.150000,-,7.600000,,88.5,88.5,023,NN,023,Tone->Tone,DV,5.00,,50W,Radom,,,,
402,SR5E,439.375000,-,7.600000,,88.5,127.3,023,NN,023,Tone->Tone,FM,5.00,,50W,Warszawa-Ochota,,,,
403,SR5DVR,439.362500,-,7.600000,,88.5,88.5,023,NN,023,Tone->Tone,DV,5.00,,50W,RADOM - maszt Emitel,,,,
404,SR5DV,145.587500,-,0.600000,Tone,127.3,127.3,023,NN,023,Tone->Tone,FM,5.00,,50W,,,,,
405,SR5DMRC,145.637500,-,0.600000,,88.5,88.5,023,NN,023,Tone->Tone,DV,5.00,,50W,06-461 Koziczyn 46,,,,
406,SR5DMR,438.212500,-,7.600000,,88.5,88.5,023,NN,023,Tone->Tone,DV,5.00,,50W,06-461 Koziczyn 46,,,,
407,SR5CI,438.437500,-,7.600000,,88.5,127.3,023,NN,023,Tone->Tone,FM,5.00,,50W,Ciechanow,,,,
408,SR5AWK,431.612500,,0.000000,,88.5,88.5,023,NN,023,Tone->Tone,DV,5.00,,50W,Warszawa,,,,
409,SR4X,145.600000,-,0.600000,,88.5,67.0,023,NN,023,Tone->Tone,FM,5.00,,50W,Juchnowiec,,,,
410,SR4UVN,439.462500,-,7.600000,,88.5,88.5,023,NN,023,Tone->Tone,DV,5.00,,50W,Olsztyn,,,,
411,SR4UVM,439.487500,-,7.600000,,88.5,88.5,023,NN,023,Tone->Tone,DV,5.00,,50W,Milki k/Gizycka  EMITEL,,,,
412,SR4UVE,438.600000,-,7.600000,,88.5,94.8,023,NN,023,Tone->Tone,FM,5.00,,50W,Paslek,,,,
413,SR4UVD,439.512500,-,7.600000,,88.5,88.5,023,NN,023,Tone->Tone,DV,5.00,,50W,Gora Dylewska EMITEL,,,,
414,SR4UBI,439.425000,-,7.600000,,88.5,88.5,023,NN,023,Tone->Tone,DV,5.00,,50W,Bialystok,,,,
415,SR4U,145.725000,-,0.600000,,88.5,88.5,023,NN,023,Tone->Tone,FM,5.00,,50W,Bialystok,,,,
416,SR4SWE,439.450000,-,7.600000,,88.5,88.5,023,NN,023,Tone->Tone,DV,5.00,,50W,Swietajno,,,,
417,SR4SW,439.325000,-,7.600000,,88.5,88.5,023,NN,023,Tone->Tone,FM,5.00,,50W,Swietajno,,,,
418,SR4SUU,438.900000,-,7.600000,,88.5,88.5,023,NN,023,Tone->Tone,FM,5.00,,50W,Suwalki ul. Mickiewicza 15,,,,
419,SR4SU,438.800000,-,7.600000,Tone,67.0,67.0,023,NN,023,Tone->Tone,FM,5.00,,50W,Jeleniewo,,,,
420,SR4SN,438.875000,-,7.600000,,88.5,67.0,023,NN,023,Tone->Tone,FM,5.00,,50W,Wielbark,,,,
421,SR4SA,439.375000,-,7.600000,Tone,67.0,67.0,023,NN,023,Tone->Tone,FM,5.00,,50W,Sokolka,,,,
422,SR4S,145.575000,-,0.600000,Tone,67.0,67.0,023,NN,023,Tone->Tone,FM,5.00,,50W,Sokolka,,,,
423,SR4RS,145.700000,-,0.600000,Tone,67.0,67.0,023,NN,023,Tone->Tone,FM,5.00,,50W,Bialystok,,,,
424,SR4PA,145.775000,-,0.600000,Tone,94.8,94.8,023,NN,023,Tone->Tone,FM,5.00,,50W,Paslek,,,,
425,SR4PA,439.000000,-,7.600000,Tone,94.8,94.8,023,NN,023,Tone->Tone,FM,5.00,,50W,Paslek pow. elblaski,,,,
426,SR4OS,438.400000,-,7.600000,,88.5,67.0,023,NN,023,Tone->Tone,FM,5.00,,50W,Ostroda,,,,
427,SR4ONX,438.950000,-,7.600000,,88.5,88.5,023,NN,023,Tone->Tone,FM,5.00,,50W,Olsztyn,,,,
428,SR4ONT,438.275000,-,7.600000,,88.5,88.5,023,NN,023,Tone->Tone,DV,5.00,,50W,Olsztyn,,,,
429,SR4OND,438.500000,-,7.600000,,88.5,88.5,023,NN,023,Tone->Tone,DV,5.00,,50W,Olsztyn,,,,
430,SR4ON,438.675000,-,7.600000,Tone,67.0,67.0,023,NN,023,Tone->Tone,FM,5.00,,50W,Olsztyn,,,,
431,SR4OEX,145.687500,-,0.600000,,88.5,67.0,023,NN,023,Tone->Tone,FM,5.00,,50W,Olecko,,,,
432,SR4OE,439.400000,-,7.600000,,88.5,88.5,023,NN,023,Tone->Tone,DV,5.00,,50W,Olecko,,,,
433,SR4O,145.725000,-,0.600000,Tone,67.0,88.5,023,NN,023,Tone->Tone,FM,5.00,,50W,Olsztyn,,,,
434,SR4MWO,438.150000,-,7.600000,Tone,67.0,67.0,023,NN,023,Tone->Tone,FM,5.00,,50W,Mragowo,,,,
435,SR4MR,439.150000,-,8.000000,Tone,67.0,67.0,023,NN,023,Tone->Tone,FM,5.00,,50W,Mragowo,,,,
436,SR4MO,438.450000,-,7.600000,,88.5,67.0,023,NN,023,Tone->Tone,FM,5.00,,50W,Morag,,,,
437,SR4MIT,438.525000,-,7.600000,,88.5,88.5,023,NN,023,Tone->Tone,DV,5.00,,50W,Milki k/Gizycka EMITEL,,,,
438,SR4MID,438.225000,-,7.600000,,88.5,88.5,023,NN,023,Tone->Tone,DV,5.00,,50W,Milki k/Gizycka EMITEL,,,,
439,SR4MI,438.750000,-,7.600000,Tone,67.0,67.0,023,NN,023,Tone->Tone,FM,5.00,,50W,Milki k/Gizycka EMITEL,,,,
440,SR4M,145.600000,-,0.600000,Tone,67.0,67.0,023,NN,023,Tone->Tone,FM,5.00,,50W,Milki k/Gizycka  EMITEL,,,,
441,SR4LU,439.375000,-,7.600000,,88.5,67.0,023,NN,023,Tone->Tone,FM,5.00,,50W,Lubawa,,,,
442,SR4LO,439.100000,-,7.600000,Tone,67.0,67.0,023,NN,023,Tone->Tone,FM,5.00,,50W,Lomza - maszt,,,,
443,SR4LM,1298.600000,-,28.000000,,88.5,88.5,023,NN,023,Tone->Tone,FM,5.00,,50W,Milki k/Gizycka EMITEL,,,,
444,SR4LG,438.725000,-,7.600000,Tone,67.0,67.0,023,NN,023,Tone->Tone,FM,5.00,,50W,Gielczyn,,,,
445,SR4LDG,1298.200000,-,28.000000,Tone,67.0,67.0,023,NN,023,Tone->Tone,FM,5.00,,50W,Gora Dylewska EMITEL,,,,
446,SR4L,438.100000,-,7.600000,,88.5,88.5,023,NN,023,Tone->Tone,DV,5.00,,50W,Lomza,,,,
447,SR4KT,439.275000,-,7.600000,,88.5,88.5,023,NN,023,Tone->Tone,DV,5.00,,50W,Ketrzyn,,,,
448,SR4J,145.625000,-,0.600000,Tone,67.0,67.0,023,NN,023,Tone->Tone,FM,5.00,,50W,Gora Dylewska EMITEL,,,,
449,SR4FSK,439.525000,-,7.600000,,88.5,88.5,023,NN,023,Tone->Tone,DV,5.00,,50W,Grajewo,,,,
450,SR4EL,439.050000,-,7.600000,Tone,94.8,94.8,023,NN,023,Tone->Tone,FM,5.00,,50W,Elblag,,,,
451,SR4DX,439.500000,-,7.600000,,88.5,88.5,023,NN,023,Tone->Tone,DV,5.00,,50W,Paslek,,,,
452,SR4DMR,438.612500,-,7.600000,,88.5,88.5,023,NN,023,Tone->Tone,FM,5.00,,50W,Elk,,,,
453,SR4DM,438.300000,-,7.600000,,88.5,67.0,023,NN,023,Tone->Tone,FM,5.00,,50W,Dobre Miasto,,,,
454,SR4DGT,438.575000,-,7.600000,Tone,67.0,67.0,023,NN,023,Tone->Tone,FM,5.00,,50W,Gora Dylewska EMITEL,,,,
455,SR4DGD,438.250000,-,7.600000,,88.5,88.5,023,NN,023,Tone->Tone,DV,5.00,,50W,Gora Dylewska EMITEL,,,,
456,SR4DG,438.862500,-,7.600000,,88.5,88.5,023,NN,023,Tone->Tone,DV,5.00,,50W,Gora Dylewska EMITEL,,,,
457,SR4D,145.787500,-,0.600000,Tone,67.0,67.0,023,NN,023,Tone->Tone,FM,5.00,,50W,Milki k/Gizycka  EMITEL,,,,
458,SR4BS,439.025000,-,7.600000,Tone,67.0,67.0,023,NN,023,Tone->Tone,FM,5.00,,50W,Bialystok,,,,
459,SR4BL,438.600000,-,7.600000,Tone,67.0,67.0,023,NN,023,Tone->Tone,FM,5.00,,50W,Lomza,,,,
460,SR4BK,438.925000,-,7.600000,,88.5,88.5,023,NN,023,Tone->Tone,FM,5.00,,50W,Bialystok Politechnika Bialostocka,,,,
461,SR4BIA,439.250000,-,7.600000,,88.5,88.5,023,NN,023,Tone->Tone,DV,5.00,,50W,Bialystok,,,,
462,SR4BI,438.462500,-,7.600000,Tone,67.0,67.0,023,NN,023,Tone->Tone,FM,5.00,,50W,Juchnowiec,,,,
463,SR4BAU,438.362500,-,7.600000,,88.5,88.5,023,NN,023,Tone->Tone,DV,5.00,,50W,Augustow,,,,
464,SR4BA,438.537500,-,7.600000,,88.5,67.0,023,NN,023,Tone->Tone,FM,5.00,,50W,Bartoszyce,,,,
465,SR4AUV,145.687500,-,0.600000,Tone,67.0,67.0,023,NN,023,Tone->Tone,FM,5.00,,50W,KO13MV,,,,
466,SR4AUU,439.337500,-,7.600000,Tone,67.0,67.0,023,NN,023,Tone->Tone,FM,5.00,,50W,Augustow,,,,
467,SR4ALL,430.975000,+,7.600000,Tone,67.0,67.0,023,NN,023,Tone->Tone,DV,5.00,,50W,Zabrowo,,,,
468,SR3ZX,439.350000,-,7.600000,,88.5,88.5,023,NN,023,Tone->Tone,DV,5.00,,50W,Zielona Gora,,,,
469,SR3ZJ,438.750000,-,7.600000,Tone,79.7,79.7,023,NN,023,Tone->Tone,FM,5.00,,50W,RTCN Jemiolow/Lagow maszt EmiTel,,,,
470,SR3ZG,439.075000,-,7.600000,Tone,203.5,203.5,023,NN,023,Tone->Tone,FM,5.00,,50W,Zielona Gora,,,,
471,SR3ZF,1298.500000,-,28.000000,,88.5,88.5,023,NN,023,Tone->Tone,FM,5.00,,50W,Zielona Gora,,,,
472,SR3ZBZ,438.362500,-,7.600000,,88.5,88.5,023,NN,023,Tone->Tone,DV,5.00,,50W,Chodziez,,,,
473,SR3Z,145.712500,-,0.600000,Tone,71.9,71.9,023,NN,023,Tone->Tone,FM,5.00,,50W,Zielona Gora,,,,
474,SR3XXX,438.700000,-,7.600000,Tone,110.9,110.9,023,NN,023,Tone->Tone,FM,5.00,,50W,RTCN Poznan/Srem maszt EmiTel adres Gora 42 kolo Sremu,,,,
475,SR3XX,439.025000,-,7.600000,Tone,110.9,110.9,023,NN,023,Tone->Tone,FM,5.00,,50W,Poznan,,,,
476,SR3X,145.762500,-,0.600000,Tone,110.9,110.9,023,NN,023,Tone->Tone,FM,5.00,,50W,Poznan,,,,
477,SR3WT,439.325000,-,7.600000,Tone,110.9,110.9,023,NN,023,Tone->Tone,FM,5.00,,50W,Wolsztyn,,,,
478,SR3UVP,439.437500,-,7.600000,,88.5,88.5,023,NN,023,Tone->Tone,DV,5.00,,50W,Poznan,,,,
479,SR3UVL,439.237500,-,7.600000,,88.5,88.5,023,NN,023,Tone->Tone,DV,5.00,,50W,Leszno,,,,
480,SR3UVJ,438.412500,-,7.600000,,88.5,88.5,023,NN,023,Tone->Tone,DV,5.00,,50W,RTCN Jemiolow/Lagow maszt EmiTel,,,,
481,SR3T,145.637500,-,0.600000,Tone,110.9,110.9,023,NN,023,Tone->Tone,FM,5.00,,50W,Malanow,,,,
482,SR3SN,439.100000,-,7.600000,,88.5,100.0,023,NN,023,Tone->Tone,FM,5.00,,50W,Swiebodzin,,,,
483,SR3RR,438.825000,-,7.600000,Tone,103.5,103.5,023,NN,023,Tone->Tone,FM,5.00,,50W,Rawicz,,,,
484,SR3PX,438.900000,-,7.600000,Tone,110.9,110.9,023,NN,023,Tone->Tone,FM,5.00,,50W,Slomowo,,,,
485,SR3PO,439.200000,-,7.600000,Tone,110.9,110.9,023,NN,023,Tone->Tone,FM,5.00,,50W,Poznan,,,,
486,SR3PO,1298.400000,-,28.000000,,88.5,88.5,023,NN,023,Tone->Tone,FM,5.00,,50W,Poznan,,,,
487,SR3PB,438.875000,-,7.600000,Tone,110.9,110.9,023,NN,023,Tone->Tone,FM,5.00,,50W,Pobiedziska,,,,
488,SR3P,145.650000,-,0.600000,Tone,110.9,110.9,023,NN,023,Tone->Tone,FM,5.00,,50W,Poznan - Debiec,,,,
489,SR3OS,439.300000,-,7.600000,Tone,103.5,103.5,023,NN,023,Tone->Tone,FM,5.00,,50W,Ostrow Wielkopolski,,,,
490,SR3O,145.725000,-,0.600000,,88.5,103.5,023,NN,023,Tone->Tone,FM,5.00,,50W,Ostrow Wielkopolski,,,,
491,SR3N,145.687500,-,0.600000,Tone,110.9,110.9,023,NN,023,Tone->Tone,FM,5.00,,50W,Pila,,,,
492,SR3MDW,439.225000,-,7.600000,Tone,103.5,103.5,023,NN,023,Tone->Tone,FM,5.00,,50W,Leszno,,,,
493,SR3MDV,439.575000,-,7.600000,,88.5,88.5,023,NN,023,Tone->Tone,DV,5.00,,50W,,,,,
494,SR3LW,439.125000,-,7.600000,Tone,110.9,110.9,023,NN,023,Tone->Tone,FM,5.00,,50W,Lwowek,,,,
495,SR3LS,439.275000,-,7.600000,Tone,103.5,103.5,023,NN,023,Tone->Tone,FM,5.00,,50W,Leszno,,,,
496,SR3L,145.775000,-,0.600000,Tone,103.5,103.5,023,NN,023,Tone->Tone,FM,5.00,,50W,Leszno,,,,
497,SR3KRZ,438.687500,-,7.600000,,88.5,88.5,023,NN,023,Tone->Tone,DV,5.00,,50W,Krzemieniewo,,,,
498,SR3KH,438.800000,-,7.600000,,88.5,88.5,023,NN,023,Tone->Tone,FM,5.00,,50W,Kolo - ZST,,,,
499,SR3KEP,438.437500,-,7.600000,,88.5,103.5,023,NN,023,Tone->Tone,FM,5.00,,50W,Kepno,,,,
500,SR3KA,439.375000,-,7.600000,,88.5,88.5,023,NN,023,Tone->Tone,DV,5.00,,50W,Kaszczor,,,,
501,SR3K,145.750000,-,0.600000,,88.5,88.5,023,NN,023,Tone->Tone,FM,5.00,,50W,Kalisz,,,,
502,SR3JA,438.975000,-,7.600000,Tone,110.9,110.9,023,NN,023,Tone->Tone,FM,5.00,,50W,Jarocin ul. Kosciuszki 43,,,,
503,SR3J,439.500000,-,7.600000,Tone,79.7,79.7,023,NN,023,Tone->Tone,FM,5.00,,50W,RTCN Jemiolow/Lagow maszt EmiTel,,,,
504,SR3GW,438.950000,-,7.600000,,88.5,77.0,023,NN,023,Tone->Tone,FM,5.00,,50W,Gorzow Wielkopolski - lokalny,,,,
505,SR3GO,439.175000,-,7.600000,,88.5,77.0,023,NN,023,Tone->Tone,FM,5.00,,50W,Gorzow Wielkopolski,,,,
506,SR3G,145.750000,-,0.600000,Tone,77.0,77.0,023,NN,023,Tone->Tone,FM,5.00,,50W,Gorzow Wielkopolski,,,,
507,SR3DZG,438.962500,-,7.600000,,88.5,88.5,023,NN,023,Tone->Tone,DV,5.00,,50W,Zielona Gora,,,,
508,SR3DSE,438.737500,-,7.600000,,88.5,88.5,023,NN,023,Tone->Tone,DV,5.00,,50W,Srem,,,,
509,SR3DRW,438.337500,-,7.600000,,88.5,88.5,023,NN,023,Tone->Tone,DV,5.00,,50W,Rawicz,,,,
510,SR3DOS,438.287500,-,7.600000,,88.5,88.5,023,NN,023,Tone->Tone,DV,5.00,,50W,Ostrow Wielkopolski,,,,
511,SR3DMR,145.612500,-,0.600000,,88.5,88.5,023,NN,023,Tone->Tone,DV,5.00,,50W,Poznan,,,,
512,SR3DJ,438.125000,-,7.600000,,88.5,88.5,023,NN,023,Tone->Tone,DV,5.00,,50W,RTCN Jemiolow/Lagow maszt EmiTel,,,,
513,SR3DGW,438.550000,-,7.600000,,88.5,88.5,023,NN,023,Tone->Tone,DV,5.00,,50W,Gorzow Wielkopolski,,,,
514,SR2Z,145.650000,-,0.600000,Tone,94.8,94.8,023,NN,023,Tone->Tone,FM,5.00,,50W,Gdynia-Oksywie EMITEL,,,,
515,SR2WL,439.025000,-,7.600000,,88.5,82.5,023,NN,023,Tone->Tone,FM,5.00,,50W,Wloclawek,,,,
516,SR2WE,439.225000,-,7.600000,,88.5,88.5,023,NN,023,Tone->Tone,DV,5.00,,50W,Wejherowo,,,,
517,SR2W,439.025000,-,7.600000,,88.5,82.5,023,NN,023,Tone->Tone,FM,5.00,,50W,Wloclawek,,,,
518,SR2VVV-B,438.812500,-,7.600000,,88.5,88.5,023,NN,023,Tone->Tone,DV,5.00,,50W,Szubin,,,,
519,SR2VVV,439.337500,-,7.600000,,88.5,88.5,023,NN,023,Tone->Tone,DV,5.00,,50W,Szubin,,,,
520,SR2VV-B,145.750000,-,0.600000,Tone,74.4,88.5,023,NN,023,Tone->Tone,DV,5.00,,50W,Szubin,,,,
521,SR2VV,439.137500,-,7.600000,Tone,74.4,74.4,023,NN,023,Tone->Tone,FM,5.00,,50W,Szubin,,,,
522,SR2UVV-B,439.362500,-,7.600000,,88.5,88.5,023,NN,023,Tone->Tone,DV,5.00,,50W,Szubin - Jablowo Paluckie / wieza p.poz,,,,
523,SR2UVO,438.962500,-,7.600000,,88.5,88.5,023,NN,023,Tone->Tone,DV,5.00,,50W,Wloclawek,,,,
524,SR2UVG-B,438.687500,-,7.600000,,88.5,88.5,023,NN,023,Tone->Tone,DV,5.00,,50W,Chwaszczyno EMITEL,,,,
525,SR2UVG,438.837500,-,7.600000,Tone,94.8,88.5,023,NN,023,Tone->Tone,DV,5.00,,50W,Chwaszczyno EMITEL,,,,
526,SR2UVF,438.937500,-,7.600000,,88.5,88.5,023,NN,023,Tone->Tone,DV,5.00,,50W,Bydgoszcz,,,,
527,SR2T,145.775000,-,0.600000,,88.5,88.5,023,NN,023,Tone->Tone,FM,5.00,,50W,Torun,,,,
528,SR2SWR,438.775000,-,7.600000,Tone,88.5,88.5,023,NN,023,Tone->Tone,FM,5.00,,50W,Torun,,,,
529,SR2SL,438.750000,-,7.600000,,88.5,88.5,023,NN,023,Tone->Tone,FM,5.00,,50W,Slupsk,,,,
530,SR2RR,438.662500,-,7.600000,,88.5,67.0,023,NN,023,Tone->Tone,FM,5.00,,50W,Inowroclaw,,,,
531,SR2PB,145.737500,-,0.600000,Tone,88.5,88.5,023,NN,023,Tone->Tone,FM,5.00,,50W,Brodnica,,,,
532,SR2PA,439.300000,-,7.600000,Tone,94.8,94.8,023,NN,023,Tone->Tone,FM,5.00,,50W,Paslek,,,,
533,SR2OX,439.475000,-,7.600000,,88.5,88.5,023,NN,023,Tone->Tone,DV,5.00,,50W,Gdynia,,,,
534,SR2OK,438.875000,-,7.600000,,88.5,88.5,023,NN,023,Tone->Tone,DV,5.00,,50W,Gdynia-Oksywie EMITEL,,,,
535,SR2MAL,439.062500,-,7.600000,,88.5,88.5,023,NN,023,Tone->Tone,DV,5.00,,50W,Malbork,,,,
536,SR2KY,439.250000,-,7.600000,Tone,88.5,88.5,023,NN,023,Tone->Tone,FM,5.00,,50W,Kwidzyn,,,,
537,SR2KU,439.425000,-,7.600000,Tone,94.8,94.8,023,NN,023,Tone->Tone,FM,5.00,,50W,Wiezyca,,,,
538,SR2K,145.712500,-,0.600000,Tone,88.5,88.5,023,NN,023,Tone->Tone,FM,5.00,,50W,Torun,,,,
539,SR2JJ,439.162500,-,7.600000,Tone,74.4,74.4,023,NN,023,Tone->Tone,FM,5.00,,50W,Szubin - Jablowo Paluckie / wieza p.poz,,,,
540,SR2J,145.587500,-,0.600000,Tone,74.4,74.4,023,NN,023,Tone->Tone,FM,5.00,,50W,Szubin - Jablowo Paluckie / wieza p.poz,,,,
541,SR2IN,438.237500,-,7.600000,,88.5,88.5,023,NN,023,Tone->Tone,DV,5.00,,50W,Inowroclaw,,,,
542,SR2GT,439.025000,-,7.600000,Tone,94.8,94.8,023,NN,023,Tone->Tone,FM,5.00,,50W,Chwaszczyno EMITEL,,,,
543,SR2GS,438.550000,-,7.600000,Tone,94.8,94.8,023,NN,023,Tone->Tone,FM,5.00,,50W,Chwaszczyno,,,,
544,SR2GR,439.200000,-,7.600000,,88.5,94.8,023,NN,023,Tone->Tone,FM,5.00,,50W,Grudziadz,,,,
545,SR2GN,439.325000,-,7.600000,Tone,94.8,94.8,023,NN,023,Tone->Tone,FM,5.00,,50W,Gniewino - Wieza widokowa,,,,
546,SR2GDD,438.287500,-,7.600000,,88.5,88.5,023,NN,023,Tone->Tone,DV,5.00,,50W,Gdansk,,,,
547,SR2GDA,439.350000,-,7.600000,Tone,94.8,94.8,023,NN,023,Tone->Tone,FM,5.00,,50W,Smetowo Graniczne,,,,
548,SR2GD-C,439.087500,-,7.600000,Tone,94.8,94.8,023,NN,023,Tone->Tone,FM,5.00,,50W,Gdansk,,,,
549,SR2GD,439.062500,-,7.600000,,88.5,88.5,023,NN,023,Tone->Tone,DV,5.00,,50W,Gdansk,,,,
550,SR2GD,439.075000,-,7.600000,Tone,94.8,94.8,023,NN,023,Tone->Tone,FM,5.00,,50W,Gdansk,,,,
551,SR2GA,438.975000,-,7.600000,Tone,94.8,94.8,023,NN,023,Tone->Tone,FM,5.00,,50W,Wladyslawowo,,,,
552,SR2G,145.700000,-,0.600000,,88.5,88.5,023,NN,023,Tone->Tone,DV,5.00,,50W,Gdansk,,,,
553,SR2FM,439.537500,-,7.600000,Tone,74.4,74.4,023,NN,023,Tone->Tone,FM,5.00,,50W,Szubin - Jablowo Paluckie / wieza p.poz,,,,
554,SR2EL,439.550000,-,7.600000,Tone,94.8,94.8,023,NN,023,Tone->Tone,FM,5.00,,50W,Elblag,,,,
555,SR2DMR-C,439.562500,-,7.600000,,88.5,88.5,023,NN,023,Tone->Tone,DV,5.00,,50W,Szubin - Jablowo Paluckie / wieza p.poz,,,,
556,SR2DMR,439.312500,-,7.600000,,88.5,88.5,023,NN,023,Tone->Tone,DV,5.00,,50W,Szubin - Jablowo Paluckie / wieza p.poz,,,,
557,SR2DCH,438.387500,-,7.600000,,88.5,88.5,023,NN,023,Tone->Tone,DV,5.00,,50W,Czluchow,,,,
558,SR2C,145.600000,-,0.600000,Tone,94.8,94.8,023,NN,023,Tone->Tone,FM,5.00,,50W,Chwaszczyno EMITEL,,,,
559,SR2BY,438.725000,-,7.600000,,88.5,67.0,023,NN,023,Tone->Tone,FM,5.00,,50W,Bydgoszcz,,,,
560,SR2BW,438.700000,-,7.600000,,88.5,88.5,023,NN,023,Tone->Tone,FM,5.00,,50W,Bytow - komin cieplowni Veolia Polnoc,,,,
561,SR2BT,439.100000,-,7.600000,Tone,77.0,77.0,023,NN,023,Tone->Tone,FM,5.00,,50W,Bory Tucholskie,,,,
562,SR2BG,145.725000,-,0.600000,Tone,67.0,67.0,023,NN,023,Tone->Tone,FM,5.00,,50W,Bydgoszcz,,,,
563,SR2BD,439.000000,-,7.600000,,88.5,88.5,023,NN,023,Tone->Tone,DV,5.00,,50W,Bydgoszcz,,,,
564,SR2BC,439.287500,-,7.600000,,88.5,88.5,023,NN,023,Tone->Tone,DV,5.00,,50W,Bydgoszcz,,,,
565,SR23BN,1298.175000,-,28.000000,Tone,71.9,88.5,023,NN,023,Tone->Tone,FM,5.00,,50W,Bedzin,,,,
566,SR1ZW,438.837500,-,7.600000,,88.5,88.5,023,NN,023,Tone->Tone,DV,5.00,,50W,Swinoujscie,,,,
567,SR1ZK-B,439.300000,-,7.600000,,88.5,88.5,023,NN,023,Tone->Tone,DV,5.00,,50W,Kolowo,,,,
568,SR1ZDR,438.312500,-,7.600000,,88.5,88.5,023,NN,023,Tone->Tone,DV,5.00,,50W,Kalisz Pomorski,,,,
569,SR1Z,145.637500,-,0.600000,Tone,82.5,82.5,023,NN,023,Tone->Tone,FM,5.00,,50W,Kolowo EMITEL,,,,
570,SR1YWX,439.262500,-,7.600000,Tone,82.5,82.5,023,NN,023,Tone->Tone,FM,5.00,,50W,Stargard,,,,
571,SR1WX,439.200000,-,7.600000,Tone,82.5,82.5,023,NN,023,Tone->Tone,FM,5.00,,50W,Stargard,,,,
572,SR1WU,438.725000,-,7.600000,Tone,82.5,82.5,023,NN,023,Tone->Tone,FM,5.00,,50W,Swinoujscie,,,,
573,SR1WOY,438.625000,-,7.600000,,88.5,88.5,023,NN,023,Tone->Tone,DV,5.00,,50W,Dworcowa 10 Kolobrzeg Polska,,,,
574,SR1WAD,438.650000,-,7.600000,,88.5,88.5,023,NN,023,Tone->Tone,DV,5.00,,50W,Walcz,,,,
575,SR1WA,439.400000,-,7.600000,Tone,82.5,82.5,023,NN,023,Tone->Tone,FM,5.00,,50W,Walcz,,,,
576,SR1UVX,439.387500,-,7.600000,,88.5,88.5,023,NN,023,Tone->Tone,DV,5.00,,50W,Stargard,,,,
577,SR1UVS,439.412500,-,7.600000,,88.5,88.5,023,NN,023,Tone->Tone,DV,5.00,,50W,Szczecin,,,,
578,SR1UVH,439.025000,-,7.600000,,88.5,88.5,023,NN,023,Tone->Tone,DV,5.00,,50W,Swinoujscie,,,,
579,SR1N,145.675000,-,0.600000,,88.5,88.5,023,NN,023,Tone->Tone,FM,5.00,,50W,Koszalin,,,,
580,SR1KN,438.675000,-,7.600000,,88.5,88.5,023,NN,023,Tone->Tone,FM,5.00,,50W,Koszalin Gora Chelmska - wieza widokowa,,,,
581,SR1DMR,145.750000,-,0.600000,,88.5,88.5,023,NN,023,Tone->Tone,DV,5.00,,50W,Polanow,,,,
582,SR1W,145.612500,-,0.600000,Tone,82.5,82.5,023,NN,023,Tone->Tone,FM,5.00,,50W,Swinoujscie,,,,
583,SR1W,145.612500,-,0.600000,,88.5,88.5,023,NN,023,Tone->Tone,DV,5.00,,50W,Swinoujscie,,,,
584,SR1TS,29.670000,-,0.100000,Tone,82.5,82.5,023,NN,023,Tone->Tone,FM,5.00,,50W,Szczecin,,,,
585,SR1SZ,439.075000,-,7.600000,Tone,82.5,82.5,023,NN,023,Tone->Tone,FM,5.00,,50W,Szczecin,,,,
586,SR1S,145.770000,-,0.600000,Tone,82.5,82.5,023,NN,023,Tone->Tone,FM,5.00,,50W,Szczecin,,,,
587,SR1RG,438.875000,-,7.600000,Tone,82.5,82.5,023,NN,023,Tone->Tone,FM,5.00,,50W,Trzebiatow,,,,
588,SR1RE,439.150000,-,7.600000,,88.5,88.5,023,NN,023,Tone->Tone,FM,5.00,,50W,Resko,,,,
589,SR1LS,1298.300000,-,28.000000,,88.5,88.5,023,NN,023,Tone->Tone,FM,5.00,,50W,Szczecin,,,,
590,SR1KG,439.225000,-,7.600000,,88.5,88.5,023,NN,023,Tone->Tone,DV,5.00,,50W,Kolobrzeg,,,,
591,SR1K,145.700000,-,0.600000,Tone,82.5,82.5,023,NN,023,Tone->Tone,FM,5.00,,50W,Stargard,,,,
592,SR1G,145.625000,-,0.600000,,88.5,88.5,023,NN,023,Tone->Tone,FM,5.00,,50W,Kolobrzeg,,,,
593,SR1D,145.612500,-,0.600000,Tone,77.0,77.0,023,NN,023,Tone->Tone,FM,5.00,,50W,Debno,,,,
594,SR1CZ,438.712500,-,7.600000,,88.5,82.5,023,NN,023,Tone->Tone,FM,5.00,,50W,Czaplinek,,,,
595,SR0DZ,439.537500,-,7.600000,,88.5,88.5,023,NN,023,Tone->Tone,FM,5.00,,50W,Serock,,,,
596,SR0DN,439.512500,-,7.600000,,88.5,77.0,023,NN,023,Tone->Tone,FM,5.00,,50W,Wola Rebkowska,,,,
597,SR1ASR,438.625000,-,7.600000,,88.5,88.5,023,NN,023,Tone->Tone,DV,5.00,,50W,Szczecin,,,,
598,SR0WW,438.825000,-,7.600000,Tone,82.5,82.5,023,NN,023,Tone->Tone,FM,5.00,,50W,Wolin,,,,
599,SR0CK,439.062500,-,7.600000,,88.5,77.0,023,NN,023,Tone->Tone,FM,5.00,,50W,Serock,,,,
